Name,Caliber,Total_Cost,Parts,Best_Rounds_For_Build,Zeroes (from Best_Rounds_For_Build),Reasoning,Combos,Weight,Owner,Status,Pics,Requests,Inspiration,Media,Type,Kind,Id,Where to buy
Dream Night Vision Setup,Any,$20788.00,"Mod Armory Bridge - Dovetail Mount - Arkayne,EOTECH On-Gun Laser (OGL),N-Vision NOX18 Thermal Monocular - Arkayne,""Super Yoter-C Thermal Clip-on - Night Goggles.com (50mm, custom)"",PVS-14 Night Vision Monocular – T.REX ARMS,Devtac Ronin | Full Face Ballistic Helmet | NIJ Level IIIA | HUD Avail",224 Valkyrie 60 Grain V-Max Varmint Express 20 Rounds By Hornady,10,"2x iRay RH 25's - one for day optic, one for helmet mount - this provides very quick ID'ing and extremely high situational awareness

PVS-14 + an ECOTI provides maximum detection range, around 1200 yards or so.

ECOTI - Detects signatures of cows out to about 1200 yds.  Overlays perfectly with a PVS-14 for true fusion.

Eotech OGL - Provides what looks to be a lighter weight alternative to the DBAL2 while fixing the issues of bulkiness and providing a beam adjustment, laser and a host of other features.

ModArmory -bridge - the prefered bridge for a PVS-14 and RH25 combo.

Wilcox G24 Mount?  (might need this, maybe other adapters)

Team Wendy Ballistic helmet or Opscor Ballistic Helmet - Maybe good to see what comes out of 2023 shot show and the reviews by people like Hoplopfiel and Garand Thumb.",,0.0,Nick Preston,,"Social media image from arkayne.com on 2023-01-23 at 10.35.17 PM.jpeg (https://v5.airtableusercontent.com/v3/u/27/27/1712059200000/WfsNuDsEiM-PaYKO6OeKOQ/kr3EaohaSlPd2qWyRfhdqdYD7OodjvMKTyN6fEB9aQBRa1wBpF_R-2I3Xeu7ZNec60-7Cq6efS4sungVFaIE1tuBsSxmuibVnj9cnFwtEfLLWkbZox6CshKOghYwmPiagLTN5VNXF5HQcVV88_LD1qpJQgNzGNM8nQ0M2TQdLUeldc6aCA4QjXOmSkfCHitqa73QcpT_f1JkxRRciKzcHg/OoHazD2bBWudj9SokJcnvJQwNwc5-YEfcRNgXRmEKxA),Social media image from www.eotechinc.com on 2023-01-23 at 10.14.43 PM.png (https://v5.airtableusercontent.com/v3/u/27/27/1712059200000/2q14TbHNYYOTy9pLwV4F-Q/tiB5H7-NDLl9VUIHFqHT3Gt1Jf8UXalDPr4MZQmAOUO06HkV6KuZQD8RhLmNgsanquznCA6DTCzAlW6rZccxtu1lXjQ4P-ftgA-UY8ELzRepmr5ZxkGK1xh18blCf-LEDi5jJXF24zdn9VkZ-xaQcE4zcxE9s3TYj2RUozOKgHzybqCa9Z17_KonduGATce0dqF7zBSY4gnAOYEAFpMKrA/-8u8H_MkqBEQb9vc2jz2Tu6eRRmj0GiXEa1c1ECsLgU),Social media image from arkayne.com on 2023-01-23 at 10.33.51 PM.jpeg (https://v5.airtableusercontent.com/v3/u/27/27/1712059200000/odZvPpoIwdJXaETAS0DfWw/GT04O9J8qxnETRHuBYz8IlS_gczUm_8Qym4uBooNNiXxz9ah7V1b3NPFfjupULQiNKG1c1TzS8jHo7jBpywiQnINZY12oGfnd33i71jji8WL8lr0Q2-gtxHBienrJMZtFuuWrKult2JYwq8H5WxE8y56SwEaePOsT9-nqOTrPcdm0JxTvbO9UArILsLmWV4SRSTblg-gT53JphbtXyGyRg/xvyDW_1P6X36gLdaA4WTPfh3PsmgGs6Nk8qtg5QLNkc),image.png (https://v5.airtableusercontent.com/v3/u/27/27/1712059200000/hsIeMC123O5mTWZ_KhlycA/BxtQ5qEWnvB3RCObt9UK53HBp-_QZYl7xGPE0NgILTec9OucBOxlRbBI4BXywGq7pCqDv5m3X-NO1ZJZGS-CthfuwXvMQOLe3hLMI121XCfbtnrTTlFji-UWxqqOTA1nsGpiENtPjgPRp1_NtU0DEg/BSpOVx-WSIE38-Oz354UwGnS3ajFO9k-8Ii2n7ZrB6U),Image from www.trex-arms.com on 2023-06-19 at 11.41.36 PM.jpeg (https://v5.airtableusercontent.com/v3/u/27/27/1712059200000/vhFcuSgRFySulQ2Ts2ox2Q/P34E2L2f-nPIwngdTVVfoDWMDFopAmwH6i4pz8xAZ2ploL38NzB1IE1iQrs9_bziw27lbgUrB6gzOEp0Spty2VFb4ugn3tn3v7LaPzEZZSLwC6Fr89rM_Y4nTWy2-6ce6p6z43o41ZdOH1XQLWrbMSfmPn0YD6yMJx0XHC5NR1l0w9RRvizd2OGqh3os3Xp-CWhOFKriKgGMxKyG0IDEcg/oFfxZUKxKg7fxdvKk5P1ahv1vkHXzIRDEUytMXUqz5I),Image from www.trex-arms.com on 2023-06-19 at 11.41.41 PM.jpeg (https://v5.airtableusercontent.com/v3/u/27/27/1712059200000/r2M7LQB4yOAvP4_XcJNaIQ/ccZTKRCNJlwPaOlJ9oHL4QRyl9DKAxTdzWaQsNyPWLOlni66nff_0YbYahnh9WtSPKkwjEu_XJ8_9s2p64-sswCVgGtIdt_hPiYUqrrXy9KG4HyBjJOwy-QnEqSPL5GA9yl0t-B2CJ5qixSXUo-lXqPrLW67ThJQcMeb9rK4lZ3nMAfkIuINdF3VR6vWkxfv1swUqHD3UwSSdgIPQp4s4A/DIk4I7E0ji7ezEEYnm641eIrZUBLUz23KBzFa0vUevw),Social media image from www.atomicdefense.com on 2023-06-18 at 1.21.19 AM.jpeg (https://v5.airtableusercontent.com/v3/u/27/27/1712059200000/WLJuJpbi4yOV3vO4bdIGNA/PxyQBDVVVShqHV4Z7vNhcfcbjjqt66KqP6t9WgDrLbocn8-4i6sdtlG4o1Htf82FiQD4laHCFP0TKxXVR9PG73DVwHAlCsbSU6UR4x2S1uYQ6Y0IvXxmMUrfSGa4QQh9DqY2MXrRMXz1qVlLNe1zFBTZx-5ljamR6lEbYksDhypFDPZdbJX0DD2NrybZkybfU6Rn9csTNWZVOAJOi7o15iFl7f9_wxvLcMgW0-kD668/9o2iMZP1susqrHT32RVJZi1H2tnyNofmQffLPX65LNc)",,,,,,74,
The Minuteman,Any,$11604.81,"UBR Silent Capture Spring Combo,Leo Takedown,Law Tactical - Folding Stock Adapter (FDE),80% Arms Billet Lower (Blemished),V7 Enlightened Upper Receiver,Totally Titanium - LPK,Elftmann Pro Match Trigger 3.5lbs,Walker Defense Titanium BCG,Faxon ARAK-21 7.62x39 Ambi Upper Receiver - Quick Ship,Throw Lever - Mark 6 | Leupold,Sentry Strap - NeoMag,LIGHTWEIGHT M-LOK QD SLING MOUNT,""ODIN Gear Suppressor Mirage Cover. Mitigate suppressor mirage with our three-layer constructed, made in the U.S.A, suppressor cover."",Aimpoint Acro P-2 Red Dot Sight – T.REX ARMS,Scalarworks PEAK/02 folding iron sights for AR15 rifles.,Scalarworks KICK/02 offset Trijicon RMR mount.,Scalarworks KICK/03 offset Aimpoint ACRO mount.,SUPER YOTER R 3.0-12.0x50mm Compact Thermal Weapon Sight – Tech Savvy Optics,AR15/AR10 Brass Catcher - Operator STD,Throw Lever - Mark 6 | Leupold,Proof Research 6 ARC AR Type Carbon Fiber Barrel | 6 ARC",,,Lower based on A180 Platform,"Magpul Ubr Mk 2,JP Rifles Gen2 AR15 Silent Captured Spring Kit - H2,V-Seven Titanium Pivot Pins,Titanium Ambi Selector,Titanium Buffer Retainer,Ionbond Diamond Mag Release Titanium,V-Seven Takedown Pin Detent and Spring Kit,Titanium Bolt Catch,Titanium Combo Pack (Castle Nut and QD Mount)",3.7,Nick Preston,Complete,"image.png (https://v5.airtableusercontent.com/v3/u/27/27/1712059200000/RgPjx4k81fkKl66s8wvV-w/e0lGzoEKQEg5pQ3NYUqj5aaF5vfNYSq8YOGcdLkfYbkcS8nGJ_ORvwRGSI8F_RS801lnl5aZKBtH4cE_TkJYibD7WE5YYXgR1z5ZVyInBdnTro3aGHXNpsZPRzDX1XX_OfRm9YMvB66edDmLEl1u2Q/1sxRAwVW50xE0xO187GyiPqNsUH9AltZYK-8NE_dZPU),image.png (https://v5.airtableusercontent.com/v3/u/27/27/1712059200000/KC0bdLgC4_v9tlvWz61dXQ/Kc1A31IWpzkWOiXiYca4X9gMUdKBUZn1w1Sr-F2RdtxXsXdtKkyDVxyy2ZuR3ynnr84wUyRXvDqOCW-nGY_WxP0OkFbnxuLv_UA8xv4J0aJUK9LKTm5BgB1tAAm0YjXpa4XyM0kLOcmCRGJTLQP9PQ/PkEUWN7gCvTLiL5Ygnyh-v7lPvR88vVV_CusGhQ8iFQ),image.png (https://v5.airtableusercontent.com/v3/u/27/27/1712059200000/64RADHnWJgfsSwTw6WqnbA/dw8BFZLr1knW2TTsAewdtiPPBWBmuOrC8pndas7j8tPRjH3FnQiy11FPod0bISl1cvJbH3sRyrKDR7nK29IUEnkIvVUwaTLgOLUkou0IgxA7fsGrycdZJ8tH2xKs0570knKV3I50_mCpwdS1vUwvJA/5Iz-iYLCWA5Tg_IQRPgrErg6C6gg_-wWVxHcdKjLcxg),image.png (https://v5.airtableusercontent.com/v3/u/27/27/1712059200000/cFM8UH9g_FoOcEqGPjLNEA/YpXaX-8efWe7ctzcOGc2esjksjjc4WkKTjquzPB-RxEKfAl5KRJy1GRZDSembaja0gU62O46HP7JBorx8pFWnYND4ePz4EDDzm0LRNrkoZfubPapri5yWJ8H2LITxpAPy2yF1FtaMbmf0pvLffCZIA/IDv0VCUX5miyYSt3M2ohYDCzvIQ9jfZ_noLxtqUSGRM),image.png (https://v5.airtableusercontent.com/v3/u/27/27/1712059200000/udKT_tpDg8LuwHftXVtz4g/fkNNHSaB2KWQrtg_7kqfreuRUl3994JqQCKdARHz2vC9G-GGrR8heE9dfwjiFzyLTEWKCbE9c5STs0EaMX6DZnTHB3dhKokYIvu8v6gyemRlDgRFBIrhfwBJ4nipLQ5c12RpGRfbm8c9GgOt6zMUVw/OiOglXwODEey_MR2DIG2O_lTjE3XbTjrB1Pi6sjSUKA),opplanet-elftmann-tactical-elf-match-pro-trigger-with-elf-pro-lock-threaded-mounting-system-curved-match-pro-c-main.jpg (https://v5.airtableusercontent.com/v3/u/27/27/1712059200000/AMNB-bATLTUYBKAB2aq5rQ/kq2XJAdE5fWW8812PhGv-SWg5LQJx851HwIez_qYcJl_Ooccj1TZA4M_7PvIrBkU3DEKB6UjgXjtTAvjytLxgUX8icJ2pmwahD6NLUnSNOZa8ePjDRoHHYiU-LTLBgVGRladVZi3hlg-MelGEsvfXgqiojjT96Mj4BDYgeDkfuuHrXBQ53OFsl04P_8Afl36_EZzW2fZXAbDNSyCovXAu0qVDRD_a_mK9plcs1aHynkpWar70_75uE0qaq1bVCak8F0kNASqJP9c79EhFVrQ6l3nWj3KWoH-rPv7DiXb_GI/GGstvS4VPFnr92PilUX0nqW-97XmkJYdJzFHPYXllKw),image.png (https://v5.airtableusercontent.com/v3/u/27/27/1712059200000/FZJUtD5Rqj4ltWtV8WZOOA/c1LXoW_UVMturh9Znd69Sqa02JSfAIJCGVJaSF_c1teYaMsPDGlmvlWUsCxYGWDoeAA1I6mEEB_Z2EFbXQtOZVvwNyvPxbl3YvsJo4cJyqSSRf23vyuMB4I9N9iG_MNXiO6qNjPE0GB9eJlKqEknSw/b53kPlRdZmqWEFzm43sWcJw5yp5aThmylK1mlyXa35U),Social media image from faxonfirearms.com on 2023-04-13 at 11.18.50 AM.jpeg (https://v5.airtableusercontent.com/v3/u/27/27/1712059200000/fQe2dbwNtptRuEE0bN9GAg/Ii--tPZjCp1M7PMTpsWD1VSPYWcIcwdIN4dL48P3qTfBM3D8tt558N8NtXV7LiuFAEXdd2Ld0uqh7IzQyDJy0rG0dBZMys4l3xHso3wU2rakgXL305rBfuHY70G_jUyy3PnwwbbqLlkk0JeSKg9UTs9diE-ugfTIRZ_jeJSu-x07Es2pEdch0F1QgsD474ZfyXY7UaURSBXBa8deNW8GXQ/19trQPJxTbnOnadcMIPDuMNTQZPJ37oyQ3piiQurJ5E),Social media image from www.leupold.com on 2023-04-24 at 12.23.02 AM.png (https://v5.airtableusercontent.com/v3/u/27/27/1712059200000/i13huiBzXYiOrJZJNIUPpg/FD_1stdWqaGP9Bvvwt_S7XWK0Ws1i0heyJVvEe_GWVafIR_Me7aZ_3f7Ooc4Y0-wQKlf2k64NLw-EYViIoTBYLS7iPVDqyucmgTfPsilVNNTi0JszK8Mn1XlElp0sJ213xOV8B1Raj3_9IMciNuJY8g7TT19MeA6RebZ7b4Swxd9gfkLIZXoEBJWgR7t698Ni6M4eULscs7hdiKDExmRHw/I5Cx1X99KdAZ9Kv2PDc3is0QIO6chMPelQgmSEHNB_o),Social media image from theneomag.com on 2023-04-27 at 2.21.09 AM.gif (https://v5.airtableusercontent.com/v3/u/27/27/1712059200000/ooZGwbCgPN-hZ7tquYGj8A/mcZoNtONXK9IYvWHS78ureXGeSIgfPeZXF3TDSDW44s0hy7g5B9_yogU92xf6HDQBIDK8woDMv4rCsOLaFagaHhD040DzaxRAJ1Zdi2TmxWHEoR6AmGIjbkmkAGtPVa2dtJweDlOK22MfGothyMpIUrLOPEtw0pD_Z2hKtwdzuRNdQgV0KJgqS7KcxjRwRrvIHFs8FGcMpYeGImyc4ldhA/SP0_zpiUqIIRUR0w57PKR8wN-QhiZK8EANRQ2EhhJQc),Social media image from www.vsevenweaponsystems.com on 2023-04-28 at 4.08.43 AM.webp (https://v5.airtableusercontent.com/v3/u/27/27/1712059200000/VU2nYBGOUExzevmSrlpZgg/GSwvTuz_erbnUKUNIOmX8U6FTCcw3svwlZvNvxdNc6jdFvDIErcfftisl6SzSdyahezn2B1mFBrxmRGRaSTCq6yFhFR4-mES9_sw669NmIBnNqPYMiDBjZiO4BPcxPygVS4K7APsPKye6g7dq2YSHAiJoIdcbeD66YILIyBNpiWrITlIIW49ro0BCnfKLAps-dDf6sbjvc8PWCvbqH1cFyFAd9jIonsLkxcxFqj_wtA/TEwPZJlTOKZvSbn8-_jkN1Z0OS8l4YDJwtB2iyTsjTE),Social media image from www.odinworks.com on 2023-06-13 at 6.43.03 PM.jpeg (https://v5.airtableusercontent.com/v3/u/27/27/1712059200000/7SW2zPYqSAAaAYnyEXEriw/Jsq1jiWlpHRvgco0VMXRFauZO284Yu8TTcf7EuGwCVKfQgRHV0cVGkEw1STTmJRag2mXMD0aWXY2a4eWfuTFBTWbFfEZTdmoFCmGzq2zDfsf6IcylhlXqAw8V8boVd7vzT-HKAEpiZocDINKwqpUgYdbrie95ZzP3lmnV0BuzVxQwJ-ZavlwGyp0g0OuaxR9Nd-6O75i60jx-_Yy-WLEGg/QVSq0i-x0l5eWNii_GNYDYQEybs4D4qo432KfiWkTSg),Image from www.trex-arms.com on 2023-06-21 at 6.28.06 PM.jpeg (https://v5.airtableusercontent.com/v3/u/27/27/1712059200000/__ETUSBvVD6lv0zRGYtP5A/o0bF-mrsJiWt8SQomm46kZEo29D14P_vD9gSw5Cv7VhPbVJAjKrdm-rldjvtZoHcAR9043sCXo_pw-kSB2M0XfJK53VKjPQkIUPuNXTgshFz9Z1_lYnOSBviNlOcqNKx_cJqk3qttbrKzb73B4at736Q0jhvbKzPq5TXAoZQsgohjaenirKwOyndbDz-WItUHlwfr6BscZGaFWXdNwzTZg/Ed3-WqG33wg5NI6R3R-ppXWV9UIFqkSANSmi-nc8CSA),Social media image from scalarworks.com on 2022-12-13 at 1.06.31 AM.png (https://v5.airtableusercontent.com/v3/u/27/27/1712059200000/MLm6qItKOVNFNQEFT1W4Hg/jKUor8KuyQ0kEM5ap-Acq1nIEtzv2Dy_xj1akA01_Y_HxK-dUB8fjKXy9vtrRQDnshCS8RthXHzPrzzHIYim39bvyGdg1pANc66A42qo-w2MBqeI5tY_pKUhrW0Semjo-4OJCIaUz-N9cnvKc74VXP4qmdrhdLWA_P_NgvKbVuF_FPJlIS4JafdhJdqOdv1gFJ_nIebSG5RRshoDhLnMmQ/V3lfQOANm9KcLLbULkm6cJDNJcfaqVCUa1slG3JRJDo),Image from scalarworks.com on 2022-12-13 at 1.05.50 AM.jpeg (https://v5.airtableusercontent.com/v3/u/27/27/1712059200000/ilruC3cXxgeLUWrjdU9TVg/lHxfO7vbH3XY2evDxHW-QhxVAafJpZWCRvv5yK8jrqfxSq9ayR-IeVnHn_fgR2qkgKXAcbJ2btnf9TtEGCB_0iAlKd-pWHneVb2m_FXssRYlKu0f5qstQPyT5o9iCRHe3Uz9lEWa1JNFbVoYzXkXExhfVuiUE01Z5zL4L90f0LRfK6jxkuwgznxiWsNdd83s/dyFAVtQQl56NEXzUoK-VhZz8CaaQ7v2lhSFXW4ucT8E),Social media image from scalarworks.com on 2023-06-21 at 6.30.54 PM.jpeg (https://v5.airtableusercontent.com/v3/u/27/27/1712059200000/s8S5Id7S5yS8K4t6ppe8Ug/77s0VpJ-oIdwId8vCM0cMA3MM1FK0BPZnzF7ojnx2mbOiGF2yR5O2N2iS0iszF60ELfQ8U7NCSf4AU3on5GfWgBkGtKUZ562wxsN0PYB6QvM5p5E1SBnwsEOrnhQQ0glSVUyEGhaNfIR8TcsAKpGgUObXA-zHoqRCIw6UCHzmqcjvWCdg4qsHBtGTI8PBc3tGjrjNBjo-loyN6fVNRR-lw/HQP07Od0QESMhtxgtagQHQ4J26z0Xcf4yrXOMsadCCI),Social media image from techsavvyoptics.com on 2023-06-30 at 11.47.30 PM.jpeg (https://v5.airtableusercontent.com/v3/u/27/27/1712059200000/0V_xtExthUQG1o1O9mywmA/Y4JiPBZl5YMWarqfhL7mLoEE1GOBOI3HPlOFNWgCjpdPkRWl51HV18PjowaSY6foEfK3jzkO_qUW3CLKpUh2ucif2vhU8JJwvBk7O1arC1NXi4iRteMm97j74DuBfzBshG63vHLrqRPlM2_EbSNkoeEiXw0AJcf_wVOtnfMuulm38kK5sIdYgVuDguLdim5QBYc87wwIKoo5qLBm21uxqw/7vOjCpwrHIOOimThzPECe7Irsrar3-vprB-SdELDIgs),Social media image from www.tacticalbrassrecovery.com on 2023-06-30 at 11.50.34 PM.jpeg (https://v5.airtableusercontent.com/v3/u/27/27/1712059200000/k4-NsM_9zVr8KAYNhpYUnA/SXcuKJeJ7SOTK0hEi24SKQyOTb_dNSWkTw2m-_ckw7KB3VjCL1NsHp8_i_0dQEVMcL1McaQWIShOZQX37JGrHU6NdFh7t47ESKJQX_v0-nG86iXyoSLqe4RRW_Og3VJ7VsS-RU77MWNb4nDrT0xgXbFSsgLSui1x6-ZcB6KZFzY7rKMIa1H-l7RwjdvFDl8U9SEZF3VQusvN1UVZpQyFVAnAjZAxrey_58OEsppTBXo/Dv9o6sXk3jAPjVDPv79ncYPQToIuAsagK9qWkOysx_c),Social media image from www.leupold.com on 2022-11-22 at 10.39.58 PM.png (https://v5.airtableusercontent.com/v3/u/27/27/1712059200000/Dlf6kYXisRv0PMPnHRvyPg/kyyYuHfTU7h0cI4IE9QHsMH0m1ElEbknJzPf8G6afp3fCRtczg28sDsoUAewN3uZ9UBqvMXLq5GopGFSLaBgb8pG1Rzr0719dcW-9Xmd7y5za1AQMKcf0_zMGLzIfEI9q9egAqel6mdKAz3tMWcPzuL8CmYZXaQG0D4hY6dLfza2lEVUNPxRjgTQUFVNEjShXAnld9AT9qdbg-aiUnj9iA/va5XVLe6QU1zhq0vtI_WDPtFvDpvvIqD_jrtOxJQ2Bw),Social media image from www.kenziesoptics.com on 2023-08-22 at 9.11.02 PM.jpeg (https://v5.airtableusercontent.com/v3/u/27/27/1712059200000/GjQ28RDz0rt5OOV_6IGf3A/H1-zbeqJPvEh0MVF6EWXTPWFd9CSiw92umWIHCxsXpZyDTCBpwwT7hClxQm_CGUmUrTO8QAr39K32V3S-UML08a5CtLG3yq-aWRqyOQtqw-ALXOJBIyk9wFDnVho9tRCwcAkfn8fxKgF5MbfhYcSSi_b5z3xldWFekQiBKRoqgdFjO-9ekf_ZQ-k60cePiTZ-Pys8NmrVQ29NNg_yZ6bM8vHY69WWK-qo2wTIYo3ABg/wcvW7L9QH5ZR2WDb3p-EQLyyTXpnLeVJYEbFGsntzAc)",9,,,Lower,,34,
Minuteman - Furniture,Any,$8632.99,"Eotech Exps3 Red Holosight 4-dots,EOTECH MAGNIFIER G45™ 1-5x,Dead Air - Wolfman,Hard Charger - Devil Dog Concepts,Vortex Viper PST 1-6x,Warne Quick Detach Scope Mounts Gen II,Sling Devil,VTAC Upgraded (Metal) Sling,iray Thermal Monocular RH25",,,,,0.3,Nick Preston,,"image.png (https://v5.airtableusercontent.com/v3/u/27/27/1712059200000/O00Ss06fJWDL83y3ZZITVw/mAIuZrYZn6rfG6dn1E3byiEBTmsyzEGpQ88KZTnZhSYZFRsK7oe9CQBY6lieWWqm2dbH15Lv3Gtgbqe4lAgY1H6PCTEGHKCTpSoV1f1ooZoNdMw5nR7bf1Jk5wfEv4556ubYosql6yddkruDrvY86w/GUMn5TCiYT0C1zkK1w2O6HMiNEnLGmbTayY8vsfJyc0),Wolfman-main-pic2.png (https://v5.airtableusercontent.com/v3/u/27/27/1712059200000/5_0MPfVJZwgTs2xAMGAcuQ/la1bF-YuJ8yfA-U2MFTEZcPhvA-_PsapqH9BIBhD7BhGABfrtu7cQxIHgix4tMiKA1MBC3IhlZBlU6yZ0iKDaBVMIYswNUILpkHnXaUW9_mPuC0sH3t-uQVVfHLwcC59ASiZxIfZ2u_2MEBoO8fA243wQ-thtRalr_MMrgvMs0Q/Yuu9V007lHo7WGw6NUJDIrK8ouoaT-z1IhhPMH--tkk),image.png (https://v5.airtableusercontent.com/v3/u/27/27/1712059200000/eUBKA8eosKnKwNnbTjdBVA/hTdLm9WQ9K-JcJyW_O1pkw8Vsbsv3N99xy0dvwdAs3G9UdEqHbPlK8NvNxUoMSwEsmzetU2QZZzs68CAUbFMogohX9S_4E6Wnc1JfPds1yrLRJUExXbGqsKtiQG8lDzIy-0APfkKjwWl8A6BHjnxnA/fItckw9AMZUh8IB1eIdDL1MQruDv33g4VBjWrGxLBaY),image.png (https://v5.airtableusercontent.com/v3/u/27/27/1712059200000/P7E-kKdIslDvaw1omF0sgw/zm8zY856My4O0xflh5GpW1-asxsLWmSjNcRdmcGTDWmB5Yp4v5i8VY9qS2Ai6UMIKVjJDB_LJAxqwe0vKPtrZQFQ_Pkm-LzUZqL9DaKAqcc76hw9-tQzgV5UULfOVW0uzhrEI0dzdX73XD1ZHavC4A/LfaZO7YLWhTW68hcSnBHbq8p3TVji_czUnldyOjvDTg),image.png (https://v5.airtableusercontent.com/v3/u/27/27/1712059200000/JcILrSEyMNXPgrd9u4PIyw/MJXESEL9HmDU3iQxV8dMstgF8HNhE9Wf1gkGIOEJNkW-lJoxgKySVD5urmIApaXWRMVQUQTrzD8o_lT1-9fj_fzrR4c_t3GeHe_57-PJLAohMAwawqFZXsvs3RsLx4mF72SxjfsJDrQkuNoVCc9Nmg/KQIItuezumybEQRENyTSUXt4684YBCk1L3dsn407-d0)",,,,,,51,
Israeli Sniper Clone,308 / 7.62x51,$4839.99,"Scalarworks LEAP/09 34mm Scope QD Mount – T.REX ARMS,Mark 6 3-18x44 M5C2 Illum. FFP Tremor 3 | Leupold",,,,,0.0,Nick Preston,,"Image from www.trex-arms.com on 2022-11-18 at 12.51.35 AM.jpeg (https://v5.airtableusercontent.com/v3/u/27/27/1712059200000/i1W89t42nL8zd3-JkWgh6A/OzO1Yx5puS81TgGtjQqlELxsy5yPH20bxmfyrhB7VO8UlT_dZ0n5LaPOax2Rjx3p9T_lYJUFlI2NjzNm3P1ztasjMo4x8sTLAjV3SGQQcb59BIUr7aSFAKmxmuuAneJFnw0opOnsKLWg8O8Y8eFx4p69AK18fJG_n68jHkRdJhg7lwTwK0BdRUeBp1kQpIa8eGKn0M1mw3DN9YCucXVXCA/4nlJP5AQO0RhCbmO9Ysyljxaqoc6ergS1JQTsvSlg30),Social media image from www.leupold.com on 2022-11-06 at 4.32.58 PM.png (https://v5.airtableusercontent.com/v3/u/27/27/1712059200000/H76PJ5dXAi4W92jRSzzvZw/Bww3cGw_TTlld0cMzB-xakJ-QTPy3-PeWZnVI_68NiJenBleZQI9UWmdsb6hukedyWVjA8RmZqdQ_N1P4baOmQcg3NmIVOj7bON0Pm_WHF5aWUuosyVY3NTB_5n0p41IvwGALNEl5uQ2fcaqvCT8MPVPdbxBPaHFU5bsaG2v1rOa17aazfCBgiYWlI45T3bS5YuWyLde6NTY0FokDV03VQ/2zgKfKsYhiyOauj9bQ_XSlS3FuHoz2OM7ZwvM-hxTWo)",,,,,,64,
Glock Mobster (Nick's - Banish variant),10mm,$4527.29,"Rock Slide G20 Gen 3 Upper | Rock Slide USA,POLYMER80 PF45 80% FULL SIZE PISTOL TEXTURED FRAME KIT FOR GLOCK 20/21 – BLACK – 80-lower Shop,ETS 10mm 30-Round Extended Magazine for Glock 20 Pistols,Recover Tactical® 20/21 Stabilizer Kit for 10mm/45ACP Glocks,Recover Tactical Brace Upper Rail – Compatible w/ All Recover Stabilizers - Recover Tactical Brace Upper Rail – Compatible w/ All Recover Stabilizers,BROWNELLS MATCH GRADE BARRELS FOR GLOCK® 20 | Brownells,""ProMag 10mm 50-Round Drum Magazine for Glock 20, 29, 40 Pistols"",""Wheaton Arms Pro-Carry Trigger, Gold & Black Finish Fits Glock 20, 21, 29, 30, 40, 41"",GLOCK 20/21 Frame Parts Kit OEM New | granger-tactical,Green Guide Rod Laser for Glock,BANISH 45 – Silencer Central,MC21 MAGAZINE CLIP BASE SETS x 2 FOR THE GLOCK 21 - MC21 MAGAZINE CLIP BASE SETS x 2 FOR THE GLOCK 21,Sightmark Wraith 4K Mini 2-16x32 Digital Riflescope – Outdoor Legacy,STRIBOG SP10 - GRAND POWER Ltd",10mm Auto Ammo - 20 Rounds of 200 Grain Jacketed Hollow-Point (JHP) by Underwood,46,,,0.0,Nick Preston,WIP,"19.jpg (https://v5.airtableusercontent.com/v3/u/27/27/1712059200000/490cOzusOPGLdQDPLTI1vg/kf8OoKofSMkBigZQWIhcKUd_pL_UItYdIRTxEuhaFY4b3hldHjZMgtE-Iaq0xgpQgYj2GimgVoN4j3cFOxnfZyh6ZsjRUC09QUdZYXw8vXxzreKPcQZFo0Sn46rEm69g2oB5zLS6LQGIJ_IA2rCqbw/wjgB4KGBAhSCINjPWyOhu16K-0LRMTHi3w9L3PuSEKY),1891__1.jpg (https://v5.airtableusercontent.com/v3/u/27/27/1712059200000/ULa4Ow04-qUnhcIW-jE6dA/Tcr0uJu5_8I4s-2qwQPHnzEp08_MF2rnGIBsTOsr6C6VPfWtBUxru_u4iscPv-3blRt-ZFKvh8c8rPL6LPbBWbTktm1Y38h9mBcNeJHwOLM5rgYkSjDDOGXYqr-LVkixBt0WKIU81mt0k3ZuyahWXQ/gTuHItCwJiEq-k6EXXs3iUyLuUr23ezGXs4awSEu60w),Social media image from gunmagwarehouse.com on 2023-04-09 at 4.25.32 AM.png (https://v5.airtableusercontent.com/v3/u/27/27/1712059200000/fxemm9_ewBjHZse_wE6vVg/wVspDCqoa5lm9yEkCOy1CMrkvrnJC-nMF5Bwk6SuhrktIbhqLXZoQojk9CNT_yYQLIzGfQ3U-XeWFZlsWDdmDo11rUPzqP3KU5GnZvz4pPGZ2diaJd5UCt0Wxn1p-0T6k2K_XjGewYlfNazofsP0aAGPAs7CKXnvVbnEFrNKQi9Q2gEIJS55uJyQe-rHv4qacP-uem1W5ymSouGPbQxrjA/JiOsuF19NclhYEfyq5_n-YvBvCsIZJTj7wSBlg1Qt6g),Social media image from www.recovertactical.com on 2023-04-10 at 9.15.41 PM.jpeg (https://v5.airtableusercontent.com/v3/u/27/27/1712059200000/o1j98dQwhmdhgp31PSGkhA/XBS7gv7Kapaet-0n1gi1K04UWci3Y-w6xODOqN_-4Yxw3iwMS0xIDJg6Q7MUAhxvhsYQr2wRuifVccPjTtjozWq8nficXESfLa-VjSpOFvODghURQuMEWn6wVj0vaoEE6R7bdEi8pOcYzeiVFWq1lAv-VALc4sscnwPIt6lRyNE17Kqq7JAEN61MrleEaABm1wXTzkhZ_7s37IGii2EgeUjf-2nDJprtIK8if9oh43w/8jAd8ntQyYbWjRLNNMyHnoV9QzdNidvSV3gsUCmkfZ4),Social media image from www.recovertactical.com on 2023-04-11 at 12.30.44 PM.jpeg (https://v5.airtableusercontent.com/v3/u/27/27/1712059200000/eEdJtFqrX7SAZB_Y7D-xEw/iAWX_r_S8Bn9lxuGwc139Q4zLc8pO715RVFLLQjGUWNcgWMdgNSGh8zO40l4CwVKEGOSJ7HFFsH-FLgYUCyyvBu7oXiAbW52Zmpic_2QbEmfIMxbDLcAVQUNbXx0nUFYFZlXbciUs92Mc3gJRSh7PvbnlSbImu7fyLw-jJ7nVt2lqA2qHKHx2GAPTmeEbnQtHlC8h2nmMOrrqJpxmefaQfK2EUijcfjSwQRfyvDB10Y/aVklvMd5wpdajjwpE6aWz6E2Vl2EUSeMdrc7uLoRoqE),Image from www.brownells.com on 2023-04-11 at 2.50.15 PM.jpeg (https://v5.airtableusercontent.com/v3/u/27/27/1712059200000/74Bx_qWADhIiOxOcvsmQIA/FVi9K5WMsQ8adpG6J9XYod70jCXFmRWyB9eAJWu21nh-J29iEJMq_ESwllZvf2qiGaYP4PVdmr6oyiSTdEH-ADzbntFe9khwFJkd9F0FGxS3MKwsL_o6nZ4zgWW8lOv_iGpchOhpTCrzDWjw3bnPZ1V18VJjT8MgfZcSOxaY9oBEcWtmhZP9pGip7XZ6vHq1wefhAPdG0lExVHHqKGOtOA/XJXh3bTzLAL4yH0sWB0cGNGcmzE__aLOuuUTLUufHK0),Social media image from gunmagwarehouse.com on 2023-04-12 at 7.16.54 PM.png (https://v5.airtableusercontent.com/v3/u/27/27/1712059200000/CoEy1ZILJQtBHwXLSe7Rjw/I5zqxWwMwHWUuHDIYP3vARJuDKRIo_AuinD4h23eQsKOIACDreOvYCarwfOuE5iGQKHf949IAlfc6CXxBWnX97hvIlqhr4BIyqnA8eOOKQaItSNx5Vw65L15tgI4bYs0mlKCW8IDlE8mCcpwq9kNGUItshRuKtV6g24pS6HbZi_J5PQMNVUmA-VxAwgHSciTz2XuCP-wP-Pl8OZBt3ZgBg/iL039srDNrZfIIQA2uiWMQUdwVh5fOE7hmGcs7Mh4L4),Social media image from wheatonarms.com on 2023-04-18 at 4.17.10 AM.jpeg (https://v5.airtableusercontent.com/v3/u/27/27/1712059200000/ilQ9yuVT1YJF1UsEXwVt_A/vw2KsvNdTQI4LGxPXpatyg6GTcyTJfUq-IA2sNcQX7cEFQ3w0kINTCNMeD7SdAo8lunEW6h5Z2xlzhdHo95EMWmoJZetdZ2eetiHLhMIKYPDYq8tuU25_BqvHm_ydhFTxPX_VJhjoPUecRdGebER3K9uyiFOBfRNgcuw52TVlphBFqJ5-WsiAiUZv-AbGHrwspURijF0EY8uFG3vNlG9Pg/gYuYpbw9hGlxKRT3cJCS0kzL1FOySfV_eya7fzmJuRw),Social media image from www.grangertactical.com on 2023-04-18 at 4.24.18 AM.jpeg (https://v5.airtableusercontent.com/v3/u/27/27/1712059200000/BItsn752KptR2I0HF11j9g/ScHNbsm6u8S2-9PozIKvPX76uu570s3XI32tRIDfPyQDb9yPFwEdN1YB-GCllIM6MGJGfdW9fDbJaBJjLER46c0kJ_IYpzlmt2d03RZuDFjWcMgksAJBNdCTLKI2m8J_puazhH9OTL1m25ubBoUcznobxtU508OnwRxJJSkpBzZv2nAL2Ypmeb0ObajB6K37R4VlP0QDdM1LfSLWNxdPYJCWFisUiNWaXY9XCi9aXdI/fUtF3OERRCefyHVWa96_NQnX9pPiXci2CLuUi1V56NE),Social media image from www.lasermax.com on 2023-04-18 at 5.13.46 PM.jpeg (https://v5.airtableusercontent.com/v3/u/27/27/1712059200000/XIEEtTqRghn0Nu8HG28lyw/5Nch3epR_xI8GyeJnvCwXFMa9J-2JDKPYzqFHSj03_yhHmiQjO79Hd0JKdpFwaM8UtSaOL6WbsnbXL0I99lYLi-DZx_fgyzkxBdtOUKM-XSiZfeItTHea_bJzyIcznvr9I2_RVL9AD4z450UQXsi_cihgKT-9lvRgabT9_3pgsT1GQFbOD-QJT1OKeL1JtEqYreLRLVHgOAQku7_Spws4A/f94uma8c9AUazS-60zw9-GTuZWoS3fzKSaW1rPUUkcM),Social media image from www.silencercentral.com on 2023-04-09 at 4.18.16 AM.jpeg (https://v5.airtableusercontent.com/v3/u/27/27/1712059200000/_EyTWF-5GbHR4VruY9busw/HP0QDA9kAvxcvAc6dVlO7tYcF3HUaxq3QN_UX1bivF1zeGrR83xsz0aQpHNcxCUj9eQL2In5taCl2jjgmAVL2HBx1v4Y87-0t4vEKZZqT-YoIuSYSkAx3x9GjUw9NZPMh9C021O9O9JBi2OhcUaHQ1nQWUVenON3kY56mAXeLWuhO-5JIkLB1Je0T718Z_J5tcIXQI-UaAmrgR2XXxbxdRi-e3gOJlsnysPaUaYx2YQ/xEzSOcxokIhv22i7gDshZJPAw2ZNO9Dzvg-ruu5uihM),Social media image from recovertactical.com on 2023-07-21 at 10.44.37 PM.jpeg (https://v5.airtableusercontent.com/v3/u/27/27/1712059200000/BvcKYeJacTCyioZZ0lpzDw/BS4Qzj0LYP5MoJbYuX-5jf_YdtOebCvA-hdUTs9XPWjjLc1-GofWYzjdgDhC6LHh-OBBGebLcUpph8kiq306mU5rdXLBDZ4MbOSoVMsUOu1ii7zXJZZzhl6PLVgssvFLDgWsUkTIhSgqeDzJoaZ2V7nXWH_OqJ1Pop5h5lCEHWtRUpOQrjlJZlWQDwLpArLZigd3eKtqGT6pE8uds-041g/uuqy4PsSfU4qnRMwFnirHYk9-y83Zun2_ukApb11VIA),Social media image from outdoorlegacygear.com on 2023-07-22 at 5.52.41 AM.jpeg (https://v5.airtableusercontent.com/v3/u/27/27/1712059200000/Ei1xmaJuW_CkQybhrlqc2A/3762fcfxPdLRG2qP3GarraNX7VBXydD5zpCzD_dtZ9wVbvnYEyVUN8OxgYScSy-rHKqXyyTtbOwLTmdf2OFjzBt0PG8yA1xmFOb9U3F1bW2yI5y_VhOtVMdHebPn151EswMyvb1FA3AIb-tmd6sozoLeqVP1R-YkRSU7hz7rKH7Ofbz6WXWSz-jrWSwTXpxV1INjUfhgwOcFUa1t60ky1gF66Au6tJQgzTbAZDv27KY/gIYovEKhSomBw-mtdHYafXGE2ZXUPDcLBchf5jSunqU),Social media image from grandpower.eu on 2024-01-28 at 9.24.16 PM.jpeg (https://v5.airtableusercontent.com/v3/u/27/27/1712059200000/3Hpd97broCMn1fqV2DW0dQ/jEt3Qu7eq1vefpeiv6teHkmFRvrj5cugJFfKZ6-ipQhtIHYZRiJqSTCnhu30HGmuLL9FgDwG1iCwtoAHHGmPFaB_RMGFTYICG1J7GiqmrIDrC4TtDj0V3A4hI93lGdyoq-vvgH8-lXShEfr74zRm5fzDiECxJs28vLfPwMfeexHybecVEqIGDgXE1LkywExoWkNTMA1N5McQ3q6J1Y_u0w/Z1pXSFcglCNd6mf670Mimlrb7Gv67J8_MThhwt2UQrs)",,,,,,83,
Accessories,Any,$3056.99,"CAM Universtal Loader for Rifles,Gen II - CAM Loader for all Pistol Mags 9mm/.40 cal,10 pack lancer mags,Vortex Riflescope Caps,SureFire WarComp,10 mm Glock Drum Magazines,10 mm Drum Magazines,Nightforce F1 4-16x illuminated TREMOR 3 Scope,Ryker Grip",,,,,0.0,Nick Preston,,"image.png (https://v5.airtableusercontent.com/v3/u/27/27/1712059200000/QlP_Ik11qBCflplEjPDfxA/jHSZpk3FYYVzdCp9BlLSW9HB0RAQbRzOixy0WO4kZfKFsTGP1EhnGhUcIlEPOJQoX7ChV8D9K-v23ddpWWhxBTHwS8EwbcEZKymhypH9MNV-q6aDNdxIugfwsVpO12PbUCS5gMd0ED_RLymtkU-lqA/F-x17inO-QF-Vk6nw1uuzvvICPBY8L0L41JrLnbLxCI),image.png (https://v5.airtableusercontent.com/v3/u/27/27/1712059200000/3337XVLstR1Tw8EJVtWCIw/abxJg77MlLz8utI-ohYLiR3pJrDpwRKdf2I14px3Qc3s-R1lpXaILe2o4By-8_jQH7dQYaJelymUqJ_AykiiB5dfJ7tghpnZuW9b7vvu-_4aa0QTULY8r3xX-5HhCDozKOl4YyKTFBc2gbQG_VZJnA/v7vrCZwj0W9KCgEdJOIEgqMZSK55LFR18x76dzd9HTU)",,,,,,52,
Slappy's Sledgehammer,308 / 7.62x51,$2694.16,"TiN GOLD BCG 308DPMS/SR-25,308 WIN STAINLESS MATCH BARREL 18 IN,CMMG MK3 .308 Lower Parts Kit | 80% Arms,Black Anodized Billet .308 Lower Receiver | 80% Arms,""Sabre AR-15 Comfort Grip – Fostech, Inc."",Luth AR MBA-1 (rifle) Stock w/ Adjustable Cheek Riser,Scalarworks PEAK/02 folding iron sights for AR15 rifles.,B.A.D. Lever - Magpul,""Riflespeed Gas Controls .750"""""",Ryker Grip,Law Tactical - Folding Stock Adapter (FDE),Elftmann Tactical ELF AR-10/.308 Trigger,Magpul PMAG D-50 AR-10 7.62x51 50-Round Drum Magazine,Maglula AR-10 .308 / 7.62x51mm Magazine Loader",,,,,3.0,Nick Preston,,"Social media image from www.vsevenweaponsystems.com on 2022-12-14 at 6.46.32 PM.jpeg (https://v5.airtableusercontent.com/v3/u/27/27/1712059200000/dnfqffA4lOczgj3Dsj9F-Q/PPWixLsmhcu7fQnKgYrCI1lpBZPHWxaxSRxVEp-lce8pFLJlBtLKocVZho1-HIz_JmR7GNNwttPb1dOvJt587TTbKK-j8_7-gPrtX24YjtX9RjJwyWEW7801kY2IuEFlN0yGBlHRBv1Dl7XVRHGa8tfdcDf58ZjblIj9t6vxW2yxMYEZuLas6aCYnIcmJ7_PzBCcUNg4Iu7j0qPXTfVSyS3IfYi9RVSbn_MR5Jf86X8/cxIlxKA3Qh9-ukM9JcKto_vDL5bFinwG9KsphJGw6Hk),Social media image from www.vsevenweaponsystems.com on 2022-12-14 at 6.48.27 PM.jpeg (https://v5.airtableusercontent.com/v3/u/27/27/1712059200000/1AJ9L7KhU90Qcd1IZAQvuw/WNmcFQZb55POm3UOGwG6QIVfxvt1DWSG2_Pf-ei2XAA_7CA3CzOQu8_EHcPtknTglHt5Z4HuSp-t-f5-vuFZ11Af84U04vflqdqMejFjAy-10xcp54E9iFPv4jKQQsq51L8RZlJHz2VLdyaBlxiBLy1CENXvBZRBBSk6y0tzhxO2VneDKOBJBP1V1-44T2pKFZVPY6tXYOb8hlf-N8uK0bZnkdoD6g45nIDfbU4l8ZU/eVADv8caqvC1gXS6UuYnWXlJegB_32XdYrAVDjTD6P4),Social media image from www.80percentarms.com on 2022-02-19 at 6.02.11 PM.jpeg (https://v5.airtableusercontent.com/v3/u/27/27/1712059200000/sTGGPmc62qqrmVJa3PuuCw/2TJ1h3HVY3CwgImxHVEkeivJlzQDHxEilvL79RgKmHuzCY-m8cclej2XryWu7GkfRnkx5GsvXIGW_A6d7KpGy9UTvqTV7OD_y0M_ggQzkNgc0_1Wwk3ijzYFxM4AInKmJuWf_jTwB9U1mmXsm6I2r07mCK2qHTU7X338g_-pDT_bX_i1sImsbBb_dQib_8qkmgPnEuBmd74rcnpid1nO-XcAYXiCw4cNjl2pNmF76R0/_th9ihPt9w4ojD8J2YYqRlHWNqvUFFCiwWgp8ww947c),Social media image from www.80percentarms.com on 2022-02-19 at 5.44.16 PM.jpeg (https://v5.airtableusercontent.com/v3/u/27/27/1712059200000/ROrmrFIKCdHGesTN2tc9LQ/tGDKQPvfI8yoCnpzyi-MFFB5CgXv3mFNKkSx1uqikGzgd3i2vIa4e3nmwha282RqXqpfn8YibWZHXSz7idTfiQjazMneRRm-pPn7mGbttiM3eUV_J1UNF73CYQ-kD8fj2evVGkn1H3lnjkRKoCe15punn6NQMQN8TdFws4DlKj-IauT-5r_EzFgtl9tqvpGUf75ibAceTnR41jE-TyCs5dhYl0HC-3_Mv986kLVa8Zw/4aQXNTfxkOJ9PLTYKLYt6BIF4ocS4ji3fTkQN8bJtNY),Social media image from fostech.com on 2021-12-05 at 8.07.56 PM.jpeg (https://v5.airtableusercontent.com/v3/u/27/27/1712059200000/1XqmXeslWu_dgDFmZ1R-HQ/q4h0QhWqaWwfLF1m3KHkXVcpt08D-lCnMYw1JDy6UWmrGJzrUNA_B9SkZByFlDuw45-f6lpyr2aL60TyMlZEah0ry7431yeGCrkBAvoSB6DzxonaNxx4lg1i75c4LPPZACBPPhyBNOpsIFzLeoNPVlk-wYBIIponfpb1jRthEqX3wXjFfzpsWpYAedCgriA7ZDVHmCFA-E3Rqqp0XJTxiA/QZYbXlZKOT6LAochvbnQ8RfXNFqN_wcY8sJb9UD4_PM),image.png (https://v5.airtableusercontent.com/v3/u/27/27/1712059200000/-X_LG0hqRRyftDKYUYpVCQ/gNbnlVU7K2QvQF1IeJSbAk4DO3btQZqgUnBCoZt_WRQnYmcAw3IYfmx7CkF0JpsDM-d3HGFUBW4T8P2dLF3IasbFXO09rL3EpcfZbo2tX_qdcxS81xC4AwQngQoNTvc2HUMyNVHpRHb761PMRs9c4A/1_lKzEk2K3WQGjWZUz6O3HbqRg6CX08D3B4pRWa5vmQ),Social media image from scalarworks.com on 2022-12-13 at 1.06.31 AM.png (https://v5.airtableusercontent.com/v3/u/27/27/1712059200000/MLm6qItKOVNFNQEFT1W4Hg/jKUor8KuyQ0kEM5ap-Acq1nIEtzv2Dy_xj1akA01_Y_HxK-dUB8fjKXy9vtrRQDnshCS8RthXHzPrzzHIYim39bvyGdg1pANc66A42qo-w2MBqeI5tY_pKUhrW0Semjo-4OJCIaUz-N9cnvKc74VXP4qmdrhdLWA_P_NgvKbVuF_FPJlIS4JafdhJdqOdv1gFJ_nIebSG5RRshoDhLnMmQ/V3lfQOANm9KcLLbULkm6cJDNJcfaqVCUa1slG3JRJDo),image.png (https://v5.airtableusercontent.com/v3/u/27/27/1712059200000/hb7fZYgBU-m2ZiidHEamIA/LFfxp5YyBlqw_7Vi_kNkF908WOnO0l2wkiXqat2ozgqA8UQ_aaqHwqinkDCt6EJt6X6ja8HCId-naHn6VzuSyz-oTc7o5_rsxRTVNLkCPFNAafy4amcTnrekq232gZOQd90xfNrmD6TcigwfYaXtzQ/eZb2YjRmryRUiajtQ93MyJ0MZ9pawOTarnM47wUDa7Y),image.png (https://v5.airtableusercontent.com/v3/u/27/27/1712059200000/401dBNWpaAgpK282uR2MRA/bNcYUuhh4iOQBlOY0ek7zTuDFiWsLN5cPQmFA5RmuUk2k04oUALreeCiFoy4uXxs3Mi7IiFKYPhfprYwOhEe2kR7se5ZF91qTJGMVyZjb9dVTftcf-Yxw9LMVeHaOygnYhpH4H5eTvM3JXuqXPREig/avRPL59c6DZuQeqkhnEsxOrqkPSU2nV0_5OrTVF6Wdg),image.png (https://v5.airtableusercontent.com/v3/u/27/27/1712059200000/3337XVLstR1Tw8EJVtWCIw/abxJg77MlLz8utI-ohYLiR3pJrDpwRKdf2I14px3Qc3s-R1lpXaILe2o4By-8_jQH7dQYaJelymUqJ_AykiiB5dfJ7tghpnZuW9b7vvu-_4aa0QTULY8r3xX-5HhCDozKOl4YyKTFBc2gbQG_VZJnA/v7vrCZwj0W9KCgEdJOIEgqMZSK55LFR18x76dzd9HTU),image.png (https://v5.airtableusercontent.com/v3/u/27/27/1712059200000/64RADHnWJgfsSwTw6WqnbA/dw8BFZLr1knW2TTsAewdtiPPBWBmuOrC8pndas7j8tPRjH3FnQiy11FPod0bISl1cvJbH3sRyrKDR7nK29IUEnkIvVUwaTLgOLUkou0IgxA7fsGrycdZJ8tH2xKs0570knKV3I50_mCpwdS1vUwvJA/5Iz-iYLCWA5Tg_IQRPgrErg6C6gg_-wWVxHcdKjLcxg),Social media image from www.opticsplanet.com on 2022-12-14 at 8.43.11 PM.jpeg (https://v5.airtableusercontent.com/v3/u/27/27/1712059200000/LHVXm1Amas2K83-5mTDapQ/DtuWtGFIZBXJTGolELdP8mgdNhYpaqdK4yZiLDxSvbcNQwgcKjNqmckXF85EFweoTTHDb3rFESXdJQ3t6e_-7GgPBsOWJXe0dKdtjpmM9AjwdZtUwTuw_HxrDyApKdERk9T_6NG_M2fcWOgYW9MpRBQxS2o9dO7eLqmBGwIykydUBt6pOPsiMvSb4ftP5QmmFdxCLu5XgrOrmRzgNRzsQA/AkEWHwrStEIUIq05xBlEaIQI8TQIkiDyjx0kCcM84jU),Social media image from gunmagwarehouse.com on 2023-06-30 at 9.38.37 PM.jpeg (https://v5.airtableusercontent.com/v3/u/27/27/1712059200000/GtE4HqRdY1MhAA60aMVoLg/Hf_kTFJ-aDnFxIL3QDeppf0CKwmsuksDYSz0hdx40D__sAMFcr4WD_Y7XBAGVcUoUJoZtnPUuRaJ7o8abOHnt4ptyC1tPmXkaL5qGLiP1bHL40ftRGtiu3qWBliUTEwkduSe2RGVgsls1untpmoS2EDPatAAtjvolS25o1YsmK2doJqAVbv4soT9yXn0GBSiB_GUyXgeWZsTkL0PmejC7A/47QaNX63sfIsHkUOO3ijvCKYYW6GJtRTQANPny_OdmI),Social media image from gunmagwarehouse.com on 2023-06-30 at 9.39.09 PM.png (https://v5.airtableusercontent.com/v3/u/27/27/1712059200000/Osg2uJavH_g4uoAjtYLnlQ/SfYC1Ln2eLg_-Y5fANJA5HuaH595q7-y2iO-KNieXvDQgDl8eFjt2MG4I1KCo-GM5PkoXOJ6JJkHTaLtxoOBQ9NkwkJ8sNROIlDDnrINYeQQV-N1tA7_tvnx5H-MVqY8Rj7PEs5GMv-2kfcJH6zBnaCrFn3LwBVwMF7gqK8TKJSDleupVnV8CLAuG2g2UQ_3rMsDPgPK78HnGp0xQAa69g/IBesC9M-s1rK1uTpAfGcaqgQVLNhHg1dI7QxeTWSIgQ)",51,,,,,71,
Glock Mobster (Nick's - Wolfman Variant),10mm,$2395.84,"Rock Slide G20 Gen 3 Upper | Rock Slide USA,POLYMER80 PF45 80% FULL SIZE PISTOL TEXTURED FRAME KIT FOR GLOCK 20/21 – BLACK – 80-lower Shop,ETS 10mm 30-Round Extended Magazine for Glock 20 Pistols,Recover Tactical® 20/21 Stabilizer Kit for 10mm/45ACP Glocks,P-Series Pistons | Dead Air Silencers,""Dead Air Piston, 9/16x24 (P-Series) - DA DA403 - Black Ankle Munitions"",Dead Air Booster Assembly (P-Series) - DA SD500 - Black Ankle Munitions,Recover Tactical Brace Upper Rail – Compatible w/ All Recover Stabilizers - Recover Tactical Brace Upper Rail – Compatible w/ All Recover Stabilizers,BROWNELLS MATCH GRADE BARRELS FOR GLOCK® 20 | Brownells,""ProMag 10mm 50-Round Drum Magazine for Glock 20, 29, 40 Pistols"",""Wheaton Arms Pro-Carry Trigger, Gold & Black Finish Fits Glock 20, 21, 29, 30, 40, 41"",GLOCK 20/21 Frame Parts Kit OEM New | granger-tactical,Green Guide Rod Laser for Glock,Dead Air - Wolfman,Raider 1x Micro Prism | High Performance Tactical Optics for Home Defense",10mm Auto Ammo - 20 Rounds of 200 Grain Jacketed Hollow-Point (JHP) by Underwood,46,,,0.0,Nick Preston,WIP,"19.jpg (https://v5.airtableusercontent.com/v3/u/27/27/1712059200000/490cOzusOPGLdQDPLTI1vg/kf8OoKofSMkBigZQWIhcKUd_pL_UItYdIRTxEuhaFY4b3hldHjZMgtE-Iaq0xgpQgYj2GimgVoN4j3cFOxnfZyh6ZsjRUC09QUdZYXw8vXxzreKPcQZFo0Sn46rEm69g2oB5zLS6LQGIJ_IA2rCqbw/wjgB4KGBAhSCINjPWyOhu16K-0LRMTHi3w9L3PuSEKY),1891__1.jpg (https://v5.airtableusercontent.com/v3/u/27/27/1712059200000/ULa4Ow04-qUnhcIW-jE6dA/Tcr0uJu5_8I4s-2qwQPHnzEp08_MF2rnGIBsTOsr6C6VPfWtBUxru_u4iscPv-3blRt-ZFKvh8c8rPL6LPbBWbTktm1Y38h9mBcNeJHwOLM5rgYkSjDDOGXYqr-LVkixBt0WKIU81mt0k3ZuyahWXQ/gTuHItCwJiEq-k6EXXs3iUyLuUr23ezGXs4awSEu60w),Social media image from gunmagwarehouse.com on 2023-04-09 at 4.25.32 AM.png (https://v5.airtableusercontent.com/v3/u/27/27/1712059200000/fxemm9_ewBjHZse_wE6vVg/wVspDCqoa5lm9yEkCOy1CMrkvrnJC-nMF5Bwk6SuhrktIbhqLXZoQojk9CNT_yYQLIzGfQ3U-XeWFZlsWDdmDo11rUPzqP3KU5GnZvz4pPGZ2diaJd5UCt0Wxn1p-0T6k2K_XjGewYlfNazofsP0aAGPAs7CKXnvVbnEFrNKQi9Q2gEIJS55uJyQe-rHv4qacP-uem1W5ymSouGPbQxrjA/JiOsuF19NclhYEfyq5_n-YvBvCsIZJTj7wSBlg1Qt6g),Social media image from www.recovertactical.com on 2023-04-10 at 9.15.41 PM.jpeg (https://v5.airtableusercontent.com/v3/u/27/27/1712059200000/o1j98dQwhmdhgp31PSGkhA/XBS7gv7Kapaet-0n1gi1K04UWci3Y-w6xODOqN_-4Yxw3iwMS0xIDJg6Q7MUAhxvhsYQr2wRuifVccPjTtjozWq8nficXESfLa-VjSpOFvODghURQuMEWn6wVj0vaoEE6R7bdEi8pOcYzeiVFWq1lAv-VALc4sscnwPIt6lRyNE17Kqq7JAEN61MrleEaABm1wXTzkhZ_7s37IGii2EgeUjf-2nDJprtIK8if9oh43w/8jAd8ntQyYbWjRLNNMyHnoV9QzdNidvSV3gsUCmkfZ4),Image from deadairsilencers.com on 2023-04-11 at 1.44.07 AM.jpeg (https://v5.airtableusercontent.com/v3/u/27/27/1712059200000/xDHsPhtTW2qnVMCKYGWIiA/PJGVL-3GtgXOxPD3IBremiXFk5SJu_WlDPNisHiuF59O8RNCtOWNIClFZzXbCa7CD_5mVcCJ2xXpaRZnTwGUuj8Mz8xmim7T2DtsS8goHw0XDnBLXygTYZt7L1pivfnTViuMh6-84s1NHLqwDJEAdCWF0ZdNaEqpXAWaSg2_g8RFHIrVhpwL_Qi5jYcnNO_c_KKfFgJPRoKxuIypqIpY-g/EzyZu72sWcD1_bUDsVBNqYxt6QxSoQUR6ZI0dIJJDJw),Social media image from www.blackanklemunitions.com on 2023-04-11 at 1.44.39 AM.jpeg (https://v5.airtableusercontent.com/v3/u/27/27/1712059200000/H71rmpe3T8FYxkwL887oqA/0w19-91UOh3m1VUqeyKo53tbyXUKtMuJyV66bwnbSojs45mu77RWbR4rQrKAU6IdJiN2D9vB1xk7268mD3D7iB41tn3YNKkUl7pIAEngnLm1KqKknZzLJiZM8oYpBSWTE4JNk8RRSQ-YgWiKRjUXM-rSemPZgn9e5a5tq5B2j4C85PBAcw0BbF2YZRXXRRQCYZXLuZXdmwpdf37yGYzMItRPDu7RZ5epPNrudsX2dFM/tDxqmKDsUDH-1ZUsXND9W3cn8E_xj1Ue1ifAdQMXs5k),Social media image from www.blackanklemunitions.com on 2023-04-11 at 1.45.20 AM.jpeg (https://v5.airtableusercontent.com/v3/u/27/27/1712059200000/r3xGKyozNmbn3EZWX5ulRg/sSqS4DRD34leydWDR7-DbEFeucl2-p0TPeRyFAVbHjlx-fKD7PuVCHzie_ZPo2mdcUyVLmtQapK0KwT35bnjuOue7FG8RDZ0gIn0oVFKw8u9CIkY-L9tL913LovGAjwQOVpPvbcT5q1raf6BBZU65ZgL2VXbKzwBsUUmlhIfcFF1HdEqlco0jwotVxhlvW_BOam-zpa1RQON25QImfdWDmG1K7C43QogvkAv1Ma2qZ0/4h6CDkFNLIcGi4eBpQNp_oRB4QRobSOZAk29T0fGO3E),Social media image from www.recovertactical.com on 2023-04-11 at 12.30.44 PM.jpeg (https://v5.airtableusercontent.com/v3/u/27/27/1712059200000/eEdJtFqrX7SAZB_Y7D-xEw/iAWX_r_S8Bn9lxuGwc139Q4zLc8pO715RVFLLQjGUWNcgWMdgNSGh8zO40l4CwVKEGOSJ7HFFsH-FLgYUCyyvBu7oXiAbW52Zmpic_2QbEmfIMxbDLcAVQUNbXx0nUFYFZlXbciUs92Mc3gJRSh7PvbnlSbImu7fyLw-jJ7nVt2lqA2qHKHx2GAPTmeEbnQtHlC8h2nmMOrrqJpxmefaQfK2EUijcfjSwQRfyvDB10Y/aVklvMd5wpdajjwpE6aWz6E2Vl2EUSeMdrc7uLoRoqE),Image from www.brownells.com on 2023-04-11 at 2.50.15 PM.jpeg (https://v5.airtableusercontent.com/v3/u/27/27/1712059200000/74Bx_qWADhIiOxOcvsmQIA/FVi9K5WMsQ8adpG6J9XYod70jCXFmRWyB9eAJWu21nh-J29iEJMq_ESwllZvf2qiGaYP4PVdmr6oyiSTdEH-ADzbntFe9khwFJkd9F0FGxS3MKwsL_o6nZ4zgWW8lOv_iGpchOhpTCrzDWjw3bnPZ1V18VJjT8MgfZcSOxaY9oBEcWtmhZP9pGip7XZ6vHq1wefhAPdG0lExVHHqKGOtOA/XJXh3bTzLAL4yH0sWB0cGNGcmzE__aLOuuUTLUufHK0),Social media image from gunmagwarehouse.com on 2023-04-12 at 7.16.54 PM.png (https://v5.airtableusercontent.com/v3/u/27/27/1712059200000/CoEy1ZILJQtBHwXLSe7Rjw/I5zqxWwMwHWUuHDIYP3vARJuDKRIo_AuinD4h23eQsKOIACDreOvYCarwfOuE5iGQKHf949IAlfc6CXxBWnX97hvIlqhr4BIyqnA8eOOKQaItSNx5Vw65L15tgI4bYs0mlKCW8IDlE8mCcpwq9kNGUItshRuKtV6g24pS6HbZi_J5PQMNVUmA-VxAwgHSciTz2XuCP-wP-Pl8OZBt3ZgBg/iL039srDNrZfIIQA2uiWMQUdwVh5fOE7hmGcs7Mh4L4),Social media image from wheatonarms.com on 2023-04-18 at 4.17.10 AM.jpeg (https://v5.airtableusercontent.com/v3/u/27/27/1712059200000/ilQ9yuVT1YJF1UsEXwVt_A/vw2KsvNdTQI4LGxPXpatyg6GTcyTJfUq-IA2sNcQX7cEFQ3w0kINTCNMeD7SdAo8lunEW6h5Z2xlzhdHo95EMWmoJZetdZ2eetiHLhMIKYPDYq8tuU25_BqvHm_ydhFTxPX_VJhjoPUecRdGebER3K9uyiFOBfRNgcuw52TVlphBFqJ5-WsiAiUZv-AbGHrwspURijF0EY8uFG3vNlG9Pg/gYuYpbw9hGlxKRT3cJCS0kzL1FOySfV_eya7fzmJuRw),Social media image from www.grangertactical.com on 2023-04-18 at 4.24.18 AM.jpeg (https://v5.airtableusercontent.com/v3/u/27/27/1712059200000/BItsn752KptR2I0HF11j9g/ScHNbsm6u8S2-9PozIKvPX76uu570s3XI32tRIDfPyQDb9yPFwEdN1YB-GCllIM6MGJGfdW9fDbJaBJjLER46c0kJ_IYpzlmt2d03RZuDFjWcMgksAJBNdCTLKI2m8J_puazhH9OTL1m25ubBoUcznobxtU508OnwRxJJSkpBzZv2nAL2Ypmeb0ObajB6K37R4VlP0QDdM1LfSLWNxdPYJCWFisUiNWaXY9XCi9aXdI/fUtF3OERRCefyHVWa96_NQnX9pPiXci2CLuUi1V56NE),Social media image from www.lasermax.com on 2023-04-18 at 5.13.46 PM.jpeg (https://v5.airtableusercontent.com/v3/u/27/27/1712059200000/XIEEtTqRghn0Nu8HG28lyw/5Nch3epR_xI8GyeJnvCwXFMa9J-2JDKPYzqFHSj03_yhHmiQjO79Hd0JKdpFwaM8UtSaOL6WbsnbXL0I99lYLi-DZx_fgyzkxBdtOUKM-XSiZfeItTHea_bJzyIcznvr9I2_RVL9AD4z450UQXsi_cihgKT-9lvRgabT9_3pgsT1GQFbOD-QJT1OKeL1JtEqYreLRLVHgOAQku7_Spws4A/f94uma8c9AUazS-60zw9-GTuZWoS3fzKSaW1rPUUkcM),Wolfman-main-pic2.png (https://v5.airtableusercontent.com/v3/u/27/27/1712059200000/5_0MPfVJZwgTs2xAMGAcuQ/la1bF-YuJ8yfA-U2MFTEZcPhvA-_PsapqH9BIBhD7BhGABfrtu7cQxIHgix4tMiKA1MBC3IhlZBlU6yZ0iKDaBVMIYswNUILpkHnXaUW9_mPuC0sH3t-uQVVfHLwcC59ASiZxIfZ2u_2MEBoO8fA243wQ-thtRalr_MMrgvMs0Q/Yuu9V007lHo7WGw6NUJDIrK8ouoaT-z1IhhPMH--tkk),Image from www.swampfoxoptics.com on 2023-08-24 at 10.30.11 PM.png (https://v5.airtableusercontent.com/v3/u/27/27/1712059200000/RcWWRTUxQVRzw9bP3z0V2Q/hMoS6erg_6NnB_mI2949-Ku4Th5qkJeH8DTf7jBEuj8mkz1cHM3Gq7YN5bgRdWsQKsSLZYBxXMmr0o9uyt3fdQhq74ZLQbR-oHfUYI9wof7501u_-VXBa25Z5hBay8p-I6Fhyz4obkBLTEPRmSl3ROkxZ8ZbwEvZEjKkQr7PbbUkLyYSq1NLIWni58oCuPp-LOfsRzJ05aQ4vaqa9Ms-nA/iFpvrSq3zat7wv2w02X0VGeCYB0VxJXsDr-FmMhjygE)",,,,,,85,
ARAK-Nid,7.62x39,$2117.50,"Faxon ARAK-21 7.62x39 Ambi Upper Receiver - Quick Ship,80% Arms Billet Lower (Blemished),Geissele LPK (no grip or FCG),""Sabre AR-15 Comfort Grip – Fostech, Inc."",Literally the Best Trigger Ever Made,alamo 15 trigger |Graves Alamo-15 FRT Trigger for sale",,,,,0.5,Nick Preston,,"Social media image from faxonfirearms.com on 2023-04-13 at 11.18.50 AM.jpeg (https://v5.airtableusercontent.com/v3/u/27/27/1712059200000/fQe2dbwNtptRuEE0bN9GAg/Ii--tPZjCp1M7PMTpsWD1VSPYWcIcwdIN4dL48P3qTfBM3D8tt558N8NtXV7LiuFAEXdd2Ld0uqh7IzQyDJy0rG0dBZMys4l3xHso3wU2rakgXL305rBfuHY70G_jUyy3PnwwbbqLlkk0JeSKg9UTs9diE-ugfTIRZ_jeJSu-x07Es2pEdch0F1QgsD474ZfyXY7UaURSBXBa8deNW8GXQ/19trQPJxTbnOnadcMIPDuMNTQZPJ37oyQ3piiQurJ5E),image.png (https://v5.airtableusercontent.com/v3/u/27/27/1712059200000/cFM8UH9g_FoOcEqGPjLNEA/YpXaX-8efWe7ctzcOGc2esjksjjc4WkKTjquzPB-RxEKfAl5KRJy1GRZDSembaja0gU62O46HP7JBorx8pFWnYND4ePz4EDDzm0LRNrkoZfubPapri5yWJ8H2LITxpAPy2yF1FtaMbmf0pvLffCZIA/IDv0VCUX5miyYSt3M2ohYDCzvIQ9jfZ_noLxtqUSGRM),image.png (https://v5.airtableusercontent.com/v3/u/27/27/1712059200000/HzB1rH874hfqPiMUrmayUg/cQ8N2vGrud2nQk-7KLOvt-IYiTRzzeT1KYyKXn3BctpWgehF44ZW41LRQtZq9J65MiMh3hlKGyd-GXTMOdQA61BtMy7UEiypWA4j1dWbaDjV8m7Dc27AXSYYFdYXYjLJ7T2xd6a9_lRNATOSnYz-Dg/ZDB4kWEsm7Uj9y45QcSnBOBcHMAm66L-E2W4vvyMAuI),Social media image from fostech.com on 2021-12-05 at 8.07.56 PM.jpeg (https://v5.airtableusercontent.com/v3/u/27/27/1712059200000/1XqmXeslWu_dgDFmZ1R-HQ/q4h0QhWqaWwfLF1m3KHkXVcpt08D-lCnMYw1JDy6UWmrGJzrUNA_B9SkZByFlDuw45-f6lpyr2aL60TyMlZEah0ry7431yeGCrkBAvoSB6DzxonaNxx4lg1i75c4LPPZACBPPhyBNOpsIFzLeoNPVlk-wYBIIponfpb1jRthEqX3wXjFfzpsWpYAedCgriA7ZDVHmCFA-E3Rqqp0XJTxiA/QZYbXlZKOT6LAochvbnQ8RfXNFqN_wcY8sJb9UD4_PM),Social media image from megatechammunution.com on 2023-07-02 at 12.10.38 AM.jpeg (https://v5.airtableusercontent.com/v3/u/27/27/1712059200000/HKpkX9lBStss1FgKfzf7tg/h3WGlYfOFkbZ_BXKyW7FaxalGV7HS_f8gwLbHMqpeI4ZFPcHMkLYqksuGM-inv5uKYDoRiliBTqzOFArWJtntfSAnt7FLLfnqQB1BEIgnSn0CjRBnj_EjMC8_db7OxiLbK25x71oT3QFmlWQOWQFC-AWCgJIdQA_xsAm3leVRViUGw0mAJmt-R5N6rAiblkrV6uwxLnMTSJPhYwMYU_hEQ3rrTV8vLWGGKb8CSldoik/sy7L2W0II9sT68qg5eF6W5rN5HLv8BLle0syzsKcRhQ)",,,,,,81,
Minuteman - SALE,,$2081.89,"UBR Silent Capture Spring Combo,Leo Takedown,Law Tactical - Folding Stock Adapter (FDE),80% Arms Billet Lower (Blemished),V7 Enlightened Upper Receiver,Totally Titanium - LPK,Elftmann Pro Match Trigger 3.5lbs",,,,"Magpul Ubr Mk 2,JP Rifles Gen2 AR15 Silent Captured Spring Kit - H2,V-Seven Titanium Pivot Pins,Titanium Ambi Selector,Titanium Buffer Retainer,Ionbond Diamond Mag Release Titanium,V-Seven Takedown Pin Detent and Spring Kit,Titanium Bolt Catch,Titanium Combo Pack (Castle Nut and QD Mount)",3.3,Nick Preston,,"image.png (https://v5.airtableusercontent.com/v3/u/27/27/1712059200000/RgPjx4k81fkKl66s8wvV-w/e0lGzoEKQEg5pQ3NYUqj5aaF5vfNYSq8YOGcdLkfYbkcS8nGJ_ORvwRGSI8F_RS801lnl5aZKBtH4cE_TkJYibD7WE5YYXgR1z5ZVyInBdnTro3aGHXNpsZPRzDX1XX_OfRm9YMvB66edDmLEl1u2Q/1sxRAwVW50xE0xO187GyiPqNsUH9AltZYK-8NE_dZPU),image.png (https://v5.airtableusercontent.com/v3/u/27/27/1712059200000/KC0bdLgC4_v9tlvWz61dXQ/Kc1A31IWpzkWOiXiYca4X9gMUdKBUZn1w1Sr-F2RdtxXsXdtKkyDVxyy2ZuR3ynnr84wUyRXvDqOCW-nGY_WxP0OkFbnxuLv_UA8xv4J0aJUK9LKTm5BgB1tAAm0YjXpa4XyM0kLOcmCRGJTLQP9PQ/PkEUWN7gCvTLiL5Ygnyh-v7lPvR88vVV_CusGhQ8iFQ),image.png (https://v5.airtableusercontent.com/v3/u/27/27/1712059200000/64RADHnWJgfsSwTw6WqnbA/dw8BFZLr1knW2TTsAewdtiPPBWBmuOrC8pndas7j8tPRjH3FnQiy11FPod0bISl1cvJbH3sRyrKDR7nK29IUEnkIvVUwaTLgOLUkou0IgxA7fsGrycdZJ8tH2xKs0570knKV3I50_mCpwdS1vUwvJA/5Iz-iYLCWA5Tg_IQRPgrErg6C6gg_-wWVxHcdKjLcxg),image.png (https://v5.airtableusercontent.com/v3/u/27/27/1712059200000/cFM8UH9g_FoOcEqGPjLNEA/YpXaX-8efWe7ctzcOGc2esjksjjc4WkKTjquzPB-RxEKfAl5KRJy1GRZDSembaja0gU62O46HP7JBorx8pFWnYND4ePz4EDDzm0LRNrkoZfubPapri5yWJ8H2LITxpAPy2yF1FtaMbmf0pvLffCZIA/IDv0VCUX5miyYSt3M2ohYDCzvIQ9jfZ_noLxtqUSGRM),image.png (https://v5.airtableusercontent.com/v3/u/27/27/1712059200000/udKT_tpDg8LuwHftXVtz4g/fkNNHSaB2KWQrtg_7kqfreuRUl3994JqQCKdARHz2vC9G-GGrR8heE9dfwjiFzyLTEWKCbE9c5STs0EaMX6DZnTHB3dhKokYIvu8v6gyemRlDgRFBIrhfwBJ4nipLQ5c12RpGRfbm8c9GgOt6zMUVw/OiOglXwODEey_MR2DIG2O_lTjE3XbTjrB1Pi6sjSUKA),opplanet-elftmann-tactical-elf-match-pro-trigger-with-elf-pro-lock-threaded-mounting-system-curved-match-pro-c-main.jpg (https://v5.airtableusercontent.com/v3/u/27/27/1712059200000/AMNB-bATLTUYBKAB2aq5rQ/kq2XJAdE5fWW8812PhGv-SWg5LQJx851HwIez_qYcJl_Ooccj1TZA4M_7PvIrBkU3DEKB6UjgXjtTAvjytLxgUX8icJ2pmwahD6NLUnSNOZa8ePjDRoHHYiU-LTLBgVGRladVZi3hlg-MelGEsvfXgqiojjT96Mj4BDYgeDkfuuHrXBQ53OFsl04P_8Afl36_EZzW2fZXAbDNSyCovXAu0qVDRD_a_mK9plcs1aHynkpWar70_75uE0qaq1bVCak8F0kNASqJP9c79EhFVrQ6l3nWj3KWoH-rPv7DiXb_GI/GGstvS4VPFnr92PilUX0nqW-97XmkJYdJzFHPYXllKw)",,,,,,88,
Snow Owl,6mm ARC,$1799.95,"Elf Owl Pistol 6mm ARC - JTAC Industries,CGS Hyperion 22",,,,,0.0,Nick Preston,,Social media image from jtacindustries.com on 2023-01-28 at 9.23.01 AM.jpeg (https://v5.airtableusercontent.com/v3/u/27/27/1712059200000/zoTLJkEZCuIWmsHJvRUl_w/RgPly41fdqPCgY0w_Y3XllC0iGkPE31mSkC7t2c4iu6hPc-glIeldb6Rf9Yw_cKRjooxgvdWX_IOmk737hSJJE0uaO0a8HsiKCSyIdywMUY4itWmp6gcn7-s0-4kUacf-0-kcoCOWRLr6irVfbZT_KWy_xY5EGHQgoh0SCBflKq2AE5eeicIV35s4MSS_NKGcLxhaEiqSopKqRjWCQ88Jw/5YQplhWIhehXF9SkdZvRIPY20nxJa9OxkL4LAZraYVg),,,,,,77,
Severus Sniper,.244 Valkyrie,$1525.46,"Proof Research Valkryie Barrel,Superlative Arms Gas Block,""CODA Handguard 15"""""",Leo Takedown - Barrel Coupling,V-Seven Gas Tubes,Failzero .224 Valkyrie Bolt Carrier Group",,,Long range hunting rifle upper.,,2.7,Nick Preston,Complete,"image.png (https://v5.airtableusercontent.com/v3/u/27/27/1712059200000/Gno3b3FOb8q6FLWtjRduVA/CXHU1AKpwUM92ygfLKfDU9CWRWHwgD9nN_vagmqqtFA3967cMRVenJAoKOxTo0gvVYcPvczQxCfmTkSh3hmSQCPzaO-2T8JKS-AAmoJZN7lCtxGkloV1nqsNO1VUQV8pYHNi8nxYOZ4mogHt-yFj_A/VldHgu-1Q3OlTlMMRfR60XrAEqdxETEjQRVZegjmFuA),image.png (https://v5.airtableusercontent.com/v3/u/27/27/1712059200000/nIXrG1GCFYSm3eE6R0YRbA/2pBNeltj64JPME7rr3eujTj3XDqVAj9E-Hf5Yx35Pcs3VAgdeQeMC_NeKnh8ZbEmRxGOcK97d1XZxcpVZ_AI_cjLxg1o-JyBWMtuG9ISDzO9ZIwf3m3z1e5jEJavGlJmx6nPp68DH_Drr2YfCKfTGQ/KRkJTzDhxfrRhDJ4Yy966JXTSm1AaNXyAtG5Y-EW3m0),image.png (https://v5.airtableusercontent.com/v3/u/27/27/1712059200000/gcTyPmefVap94HzsGzLG6A/gbMMEHcB-QqRDUb0P3I2y7VLnlKY-SlpiZ_gSxYwHxZ3usA7Nw6cYaXKgkdtpqKZ7Cz7Ka6qxapZxEeM5atKv8KWra94QCQo1kUo63W5mZJEz4bK5FtLlsjdOcNa4YI3jRxbGD2L_ErgmCzuZUlS8g/TNZLJsl0-GN3OCbFiQU2BeLQSNVoiC-a2NBgY4sFxEo),image.png (https://v5.airtableusercontent.com/v3/u/27/27/1712059200000/-XQUekKS8-keBOlqhG1mfA/tbhUaDJCnULo-ZRjYOs58GIjE8UqZmIkCzYRIlsRm5GPynZsj-Fz5E0WDhkOX9xSNtMZk6eOa17_UrDnj6Ki0f_KsW14vJxI8pIeOonIYjjx3lMGrG0wI_w9gN39x3NzBGlQN28kiWmtYR2HmcU9VA/oaIz4JgBqHMjzA55g8vqf2u6b51t5ql1_l5ox4niHaU),image.png (https://v5.airtableusercontent.com/v3/u/27/27/1712059200000/KfNSu8myxjZa0YmB7bbkWQ/JIikSqHyoOGYOdSk0Mhiwhe6hjgO008oY_D0qU2Nc86bSVYokrl78-ojV6toOgdej7QzCj77_MCG9gd0uX5xDttU1AfqhcvUO7VT2CjHtMpa2L6Jtfio9cOJjC9urpVGXHL_Tk-eTvL-UWl8QfbdlA/oac34ZtGD9p7kBzQyWMaDslg62wRxO4eJWzaSCI62zg),Social media image from www.opticsplanet.com on 2021-11-30 at 12.05.55 AM.jpeg (https://v5.airtableusercontent.com/v3/u/27/27/1712059200000/WYlHCtwFXqMz5bagtkn7pw/OL3lWVvbLPR9m2fVt01qfJSMq6TZ9DEFEJSs1Nptc0ORQGoJ-vS3lgh4WKs3ZTdmt2J548rf-9bNJn2H6JLNjlsnjrQ8x7nh47WM6gMqOAsOV2eqz2zcGGz1o21tLBQ34PrQ6_xEPum59v8OTov7G8gJp2UpOgW0tHdY0QLM61YFChS5OwtosuyB3285uxP8zrIKRD0SCm1ZsB8RPoC2J_BoWkJMvyuWBwnKtaLBwOc/6ILnEhVn7mMzP_7wwYtVGFib5iY27FqZmjoJ9vqWqTs)",21,,,Upper (Full),AR-15,36,
Godrick's Gatling,10mm,$1298.00,"10mm Upper - Wolfpack Armory,10mm uppers - Moriarti Arms",,,,,0.0,Nick Preston,Proposed,,,,,PDW,AR-15,4,
Glock Mobster Jr.,9mm,$1248.00,"BANISH 45 – Silencer Central,G-Flex Binary Trigger for Glock,G--173 Franklin Armory Binary Trigger - Glock 17 Gen 3",Law Enforcement - Federal Premium LE,58,,,0.0,Nick Preston,WIP,Social media image from www.silencercentral.com on 2023-04-09 at 4.18.16 AM.jpeg (https://v5.airtableusercontent.com/v3/u/27/27/1712059200000/_EyTWF-5GbHR4VruY9busw/HP0QDA9kAvxcvAc6dVlO7tYcF3HUaxq3QN_UX1bivF1zeGrR83xsz0aQpHNcxCUj9eQL2In5taCl2jjgmAVL2HBx1v4Y87-0t4vEKZZqT-YoIuSYSkAx3x9GjUw9NZPMh9C021O9O9JBi2OhcUaHQ1nQWUVenON3kY56mAXeLWuhO-5JIkLB1Je0T718Z_J5tcIXQI-UaAmrgR2XXxbxdRi-e3gOJlsnysPaUaYx2YQ/xEzSOcxokIhv22i7gDshZJPAw2ZNO9Dzvg-ruu5uihM),,,,,,89,
Plan B,6mm ARC,$1198.99,"V Seven AR-15 Ultra-Light Lith/Alu M-Lok Handguard,""6mm ARC Proof Research Barrel 18""""""",,,,,0.0,Nick Preston,,opplanet-v-seven-ultra-light-handguard-ar-15-m-lok-10-inch-lithium-aluminum-alloy-2099-black-ul-v13.jpg (https://v5.airtableusercontent.com/v3/u/27/27/1712059200000/ScvGCh4jqT6EAhoK8qUcwQ/K_Qw3UfdP2vMQg0_ia638TUMU-HHrUPZmruOUyniCU1_8k723_POvbMTLk4hbpHhaKenx0uBjoXJNwNpltgLYR2Jo2rPRYVbIxnaxaEglPsXhC8lNkPpc5nw2PMUpd1MCX1eQnzPg4BfUaoHK6gGItMklgswwMXw1UXUyZlJtTYq_6MCIe47NPMhtyq9pMVHPmKb_kH-f1Wc4tj4h9F-bnMQZ-dWREK28_xj7syYQb9P_npX15SFJSYlYtP1GW8TWZ4HaEFp9vbRcUqOKDl8uA/pYAM3C03Cm2814Qr48Z2-yL3PLsvumLQHO5tDDOSS3Y),,,,,,75,
Glock Lobster,10mm,$1180.85,"Rock Slide G20 Gen 3 Upper | Rock Slide USA,POLYMER80 PF45 80% FULL SIZE PISTOL TEXTURED FRAME KIT FOR GLOCK 20/21 – BLACK – 80-lower Shop,Recover Tactical® 20/21 Stabilizer Kit for 10mm/45ACP Glocks,Recover Tactical Brace Upper Rail – Compatible w/ All Recover Stabilizers - Recover Tactical Brace Upper Rail – Compatible w/ All Recover Stabilizers,BROWNELLS MATCH GRADE BARRELS FOR GLOCK® 20 | Brownells,GLOCK 20/21 Frame Parts Kit OEM New | granger-tactical,Green Guide Rod Laser for Glock,ETS 10mm 30-Round Extended Magazine for Glock 20 Pistols,""ProMag 10mm 50-Round Drum Magazine for Glock 20, 29, 40 Pistols""",10mm Auto Ammo - 20 Rounds of 200 Grain Jacketed Hollow-Point (JHP) by Underwood,46,,,0.0,Nick Preston,,"19.jpg (https://v5.airtableusercontent.com/v3/u/27/27/1712059200000/490cOzusOPGLdQDPLTI1vg/kf8OoKofSMkBigZQWIhcKUd_pL_UItYdIRTxEuhaFY4b3hldHjZMgtE-Iaq0xgpQgYj2GimgVoN4j3cFOxnfZyh6ZsjRUC09QUdZYXw8vXxzreKPcQZFo0Sn46rEm69g2oB5zLS6LQGIJ_IA2rCqbw/wjgB4KGBAhSCINjPWyOhu16K-0LRMTHi3w9L3PuSEKY),1891__1.jpg (https://v5.airtableusercontent.com/v3/u/27/27/1712059200000/ULa4Ow04-qUnhcIW-jE6dA/Tcr0uJu5_8I4s-2qwQPHnzEp08_MF2rnGIBsTOsr6C6VPfWtBUxru_u4iscPv-3blRt-ZFKvh8c8rPL6LPbBWbTktm1Y38h9mBcNeJHwOLM5rgYkSjDDOGXYqr-LVkixBt0WKIU81mt0k3ZuyahWXQ/gTuHItCwJiEq-k6EXXs3iUyLuUr23ezGXs4awSEu60w),Social media image from www.recovertactical.com on 2023-04-10 at 9.15.41 PM.jpeg (https://v5.airtableusercontent.com/v3/u/27/27/1712059200000/o1j98dQwhmdhgp31PSGkhA/XBS7gv7Kapaet-0n1gi1K04UWci3Y-w6xODOqN_-4Yxw3iwMS0xIDJg6Q7MUAhxvhsYQr2wRuifVccPjTtjozWq8nficXESfLa-VjSpOFvODghURQuMEWn6wVj0vaoEE6R7bdEi8pOcYzeiVFWq1lAv-VALc4sscnwPIt6lRyNE17Kqq7JAEN61MrleEaABm1wXTzkhZ_7s37IGii2EgeUjf-2nDJprtIK8if9oh43w/8jAd8ntQyYbWjRLNNMyHnoV9QzdNidvSV3gsUCmkfZ4),Social media image from www.recovertactical.com on 2023-04-11 at 12.30.44 PM.jpeg (https://v5.airtableusercontent.com/v3/u/27/27/1712059200000/eEdJtFqrX7SAZB_Y7D-xEw/iAWX_r_S8Bn9lxuGwc139Q4zLc8pO715RVFLLQjGUWNcgWMdgNSGh8zO40l4CwVKEGOSJ7HFFsH-FLgYUCyyvBu7oXiAbW52Zmpic_2QbEmfIMxbDLcAVQUNbXx0nUFYFZlXbciUs92Mc3gJRSh7PvbnlSbImu7fyLw-jJ7nVt2lqA2qHKHx2GAPTmeEbnQtHlC8h2nmMOrrqJpxmefaQfK2EUijcfjSwQRfyvDB10Y/aVklvMd5wpdajjwpE6aWz6E2Vl2EUSeMdrc7uLoRoqE),Image from www.brownells.com on 2023-04-11 at 2.50.15 PM.jpeg (https://v5.airtableusercontent.com/v3/u/27/27/1712059200000/74Bx_qWADhIiOxOcvsmQIA/FVi9K5WMsQ8adpG6J9XYod70jCXFmRWyB9eAJWu21nh-J29iEJMq_ESwllZvf2qiGaYP4PVdmr6oyiSTdEH-ADzbntFe9khwFJkd9F0FGxS3MKwsL_o6nZ4zgWW8lOv_iGpchOhpTCrzDWjw3bnPZ1V18VJjT8MgfZcSOxaY9oBEcWtmhZP9pGip7XZ6vHq1wefhAPdG0lExVHHqKGOtOA/XJXh3bTzLAL4yH0sWB0cGNGcmzE__aLOuuUTLUufHK0),Social media image from www.grangertactical.com on 2023-04-18 at 4.24.18 AM.jpeg (https://v5.airtableusercontent.com/v3/u/27/27/1712059200000/BItsn752KptR2I0HF11j9g/ScHNbsm6u8S2-9PozIKvPX76uu570s3XI32tRIDfPyQDb9yPFwEdN1YB-GCllIM6MGJGfdW9fDbJaBJjLER46c0kJ_IYpzlmt2d03RZuDFjWcMgksAJBNdCTLKI2m8J_puazhH9OTL1m25ubBoUcznobxtU508OnwRxJJSkpBzZv2nAL2Ypmeb0ObajB6K37R4VlP0QDdM1LfSLWNxdPYJCWFisUiNWaXY9XCi9aXdI/fUtF3OERRCefyHVWa96_NQnX9pPiXci2CLuUi1V56NE),Social media image from www.lasermax.com on 2023-04-18 at 5.13.46 PM.jpeg (https://v5.airtableusercontent.com/v3/u/27/27/1712059200000/XIEEtTqRghn0Nu8HG28lyw/5Nch3epR_xI8GyeJnvCwXFMa9J-2JDKPYzqFHSj03_yhHmiQjO79Hd0JKdpFwaM8UtSaOL6WbsnbXL0I99lYLi-DZx_fgyzkxBdtOUKM-XSiZfeItTHea_bJzyIcznvr9I2_RVL9AD4z450UQXsi_cihgKT-9lvRgabT9_3pgsT1GQFbOD-QJT1OKeL1JtEqYreLRLVHgOAQku7_Spws4A/f94uma8c9AUazS-60zw9-GTuZWoS3fzKSaW1rPUUkcM),Social media image from gunmagwarehouse.com on 2023-04-09 at 4.25.32 AM.png (https://v5.airtableusercontent.com/v3/u/27/27/1712059200000/fxemm9_ewBjHZse_wE6vVg/wVspDCqoa5lm9yEkCOy1CMrkvrnJC-nMF5Bwk6SuhrktIbhqLXZoQojk9CNT_yYQLIzGfQ3U-XeWFZlsWDdmDo11rUPzqP3KU5GnZvz4pPGZ2diaJd5UCt0Wxn1p-0T6k2K_XjGewYlfNazofsP0aAGPAs7CKXnvVbnEFrNKQi9Q2gEIJS55uJyQe-rHv4qacP-uem1W5ymSouGPbQxrjA/JiOsuF19NclhYEfyq5_n-YvBvCsIZJTj7wSBlg1Qt6g),Social media image from gunmagwarehouse.com on 2023-04-12 at 7.16.54 PM.png (https://v5.airtableusercontent.com/v3/u/27/27/1712059200000/CoEy1ZILJQtBHwXLSe7Rjw/I5zqxWwMwHWUuHDIYP3vARJuDKRIo_AuinD4h23eQsKOIACDreOvYCarwfOuE5iGQKHf949IAlfc6CXxBWnX97hvIlqhr4BIyqnA8eOOKQaItSNx5Vw65L15tgI4bYs0mlKCW8IDlE8mCcpwq9kNGUItshRuKtV6g24pS6HbZi_J5PQMNVUmA-VxAwgHSciTz2XuCP-wP-Pl8OZBt3ZgBg/iL039srDNrZfIIQA2uiWMQUdwVh5fOE7hmGcs7Mh4L4)",,,,,,82,
Sirius Blackout,300 AAC Blackout,$834.00,"Leo Takedown - Barrel Coupling,HONEY BADGER BARREL ASSEMBLY,HONEY BADGER HANDGUARD KIT,HONEY BADGER BARREL NUT",,,"Short Range, Self-Defense rifle",,0.1,Nick Preston,WIP,"image.png (https://v5.airtableusercontent.com/v3/u/27/27/1712059200000/-XQUekKS8-keBOlqhG1mfA/tbhUaDJCnULo-ZRjYOs58GIjE8UqZmIkCzYRIlsRm5GPynZsj-Fz5E0WDhkOX9xSNtMZk6eOa17_UrDnj6Ki0f_KsW14vJxI8pIeOonIYjjx3lMGrG0wI_w9gN39x3NzBGlQN28kiWmtYR2HmcU9VA/oaIz4JgBqHMjzA55g8vqf2u6b51t5ql1_l5ox4niHaU),Social media image from liveqordie.com on 2022-01-31 at 4.00.51 AM.png (https://v5.airtableusercontent.com/v3/u/27/27/1712059200000/xGkfn2Rje29rt5UwQxscpA/DULj-7uLPAmUwB5IIwiHYoTdPmqgap7cWSI_7o6Qfp3mVCqoHmrDj25l7HLW1Pkotoea37LuLDxokHJFj85cth_6r8PrzmyTi31kivNuUgC3hwf3diuASlQHBp57Wze4TWWwFPMrOQWKVpNoYKurAfKL9_bz1CIu3vt43EOaIUPlhoJBivUJmVTeovxxw3d097ZfB5qjroA3E52Ba4rGkA/JFA3qTXspbXlezOgkBBMi1HJ_2YSwK5c8kkMGy_ztW4),Social media image from liveqordie.com on 2022-02-16 at 9.51.24 PM.png (https://v5.airtableusercontent.com/v3/u/27/27/1712059200000/lyKFF4nloFDYMueB4r_KEA/yTwNfho6gJVhvLolI9sXAkcYb0_9L_qOnSpT5l119auAt9EBDaQS_OEOBUjoQch2okroY5lj5gaEPJDT_y2CrTPE8CIvQSuAcQrmUgNJdJcBNgBhbUjSzg5uECrTkofr7EAsKlnVh76Kh4DhCOUj5t5CWmo6ONRboZqqT_8cMU3I-2iG5VHuYEqyNpKXqWtMwth-nMtfEwbz1_1CgpgPrQ/AiYNQuO1wnVp-aRm3xe3zbOvX1nijQAITHYQMzCgfL0),Social media image from liveqordie.com on 2022-01-31 at 4.25.20 AM.png (https://v5.airtableusercontent.com/v3/u/27/27/1712059200000/P0ik8eC2tFIVy4tIDO51sQ/Qbd29g3Ng_g0H40-AM3GwW7-nSihjtd86l8rFKa2eRg4fZ4D5NKzq6jf-WzE154x4HTPseHOkoc15zM90uQb7qLVQeoAzTzyHj0zp6KWkpyriCCnb6eJxMBiEurufZSywPCirdly0b7IR_BVFshmwPU1nbwDBmWsas41OI4Ze9mS50NyOhMl0rP2y-SRdrgdjHWZ5zfXeMPORHf2HUMIxQ/DUMLtV-W1NGrtmRefHCYrtu7wwpNAmrLABv4D3FxGg8)",10,,,Upper (Full),AR-15,37,
Snoozy Uzi,9mm,$829.99,"AR-9 3d Printed Lower,alamo 15 trigger |Graves Alamo-15 FRT Trigger for sale,""FosTecH Complete 9mm Conversion Kit (Upper, BCG, Charging Handle, Glock Mag, Stern Adapter) – Fostech, Inc.""",,,,,0.0,Nick Preston,,"Social media image from megatechammunution.com on 2023-06-23 at 8.58.06 PM.jpeg (https://v5.airtableusercontent.com/v3/u/27/27/1712059200000/opV3L4DEUTsFxuYfTeAahg/wVsrKI3qoB7LOPGiCyOlakw6kXhLDpYFxr_3q3g2_42lhxuz0BPe9alqy_Xc_Z4DvCiJhgmII2AKkS4C6hKVmj8O-HXHW7I0cmUMqXdUC4BV5mEvpAF12hdct7-uyEJKS2OMEFy521izpSfCAQEQC5lp69BWbd5w88ngLMHlR-vlb1nfbS2-dgWU2dBliAUKqs_4LeNzY2m-tQgPjpiDu_1WKmV0MtjcUWtiiMzNpUs/tGoG8gcC2_tzAUndvLyYIHaJGk8WM1BUyepRY86Q99A),Social media image from fostech.com on 2023-06-26 at 11.46.19 PM.jpeg (https://v5.airtableusercontent.com/v3/u/27/27/1712059200000/w95PLQ1GtEsvuUpAWqV9Cg/0ibHo7zo0V4ac9ZjDsrRis8JLgKOMJ91UUv47iNF8o2LZ2uWyXFtSVHIORpHRCOt4jBHtGA-ZlwO8gcrc7vRsbaG3DEwsNTMhKV98ljLjtpfBl256O4tPDUkv9j7FS2emFHPC4bOSydQ0TyM2eHas6unSiDCa4bUfCiSbahN8LBhKmUcHUVYGy03qglViuzibGxUGxfM6qq6WBirDcy6xQ/z8ZgjcqnPEIdP4gLqb1WuaQzde_ss1hcluhLWiUbPz4)",,,,,,86,
Gunning in the 90's,5.7,$795.00,"p90 clone from DefDist x PSR/Odysee.,3d printed p90 frame,P50 | 5.7mm Semi-Automatic Pistol | 50 Round Capacity | KelTec",,,"p90 clone from DefDist x PSR/Odysee.  
1x p90 internals kit
1x printed p90 frame
1x ar-15 lower
1x graves/frt-15 trigger

100% LEGAL ;D",,0.0,Nick Preston,,Social media image from www.keltecweapons.com on 2023-04-07 at 2.45.28 PM.png (https://v5.airtableusercontent.com/v3/u/27/27/1712059200000/xbnakdmqvde0Tt3UwuiUpQ/6BywfLBEJMljthWFoboWtT7Ajz1vbIY__UxwppS0pQB-gnsbJHHDqLfTf4Cxb_CSWC8StTLWfmQt8MeiRs6T6KOkXvXb0_LZVxccGCzBJ26opXPxD_7X-v2w2U48aWH--wu3lusLYFOLIRi6czNTxPdgQ0KR8yrVqMOlyAcnpGncx93cStyuPZ6c4PhTLbxfII04rYcUbq423qX4hkaaxw/FFzqXOFzWpWhb4BmupFaN1BW9oSdNUFVtgBJ8oYYyGk),,,,,,84,
Slytherin (Salazar) Sleeper,5.56 NATO,$705.99,"Larue 5.56 Stealth Barrel,Leo Takedown - Barrel Coupling,V Seven AR-15 Ultra-Light Lith/Alu M-Lok Handguard",,,"Suppressed, Do-it-all ""Recce"" Rifle Upper",,0.1,Nick Preston,WIP,"image.png (https://v5.airtableusercontent.com/v3/u/27/27/1712059200000/I_z4Re11prT47hqSFz72Qw/Ka4nZYLbEs7O8geRbjR1o4YEoTIRb4S3Ir5hIoGYs_NOgznktGF-jGUmbqrhZxvtywboUv8HXHgxX93h_WIEe-TUJrPUI7TgTxhiHQKPizqyGEFyH1NsXBUZTAC_R0ftm3JpYkDn0quK549YIPyb2g/9WMws3rkrpp377Iwj04NRNYSCLV2CplXvVVs-310_WI),image.png (https://v5.airtableusercontent.com/v3/u/27/27/1712059200000/-XQUekKS8-keBOlqhG1mfA/tbhUaDJCnULo-ZRjYOs58GIjE8UqZmIkCzYRIlsRm5GPynZsj-Fz5E0WDhkOX9xSNtMZk6eOa17_UrDnj6Ki0f_KsW14vJxI8pIeOonIYjjx3lMGrG0wI_w9gN39x3NzBGlQN28kiWmtYR2HmcU9VA/oaIz4JgBqHMjzA55g8vqf2u6b51t5ql1_l5ox4niHaU),opplanet-v-seven-ultra-light-handguard-ar-15-m-lok-10-inch-lithium-aluminum-alloy-2099-black-ul-v13.jpg (https://v5.airtableusercontent.com/v3/u/27/27/1712059200000/ScvGCh4jqT6EAhoK8qUcwQ/K_Qw3UfdP2vMQg0_ia638TUMU-HHrUPZmruOUyniCU1_8k723_POvbMTLk4hbpHhaKenx0uBjoXJNwNpltgLYR2Jo2rPRYVbIxnaxaEglPsXhC8lNkPpc5nw2PMUpd1MCX1eQnzPg4BfUaoHK6gGItMklgswwMXw1UXUyZlJtTYq_6MCIe47NPMhtyq9pMVHPmKb_kH-f1Wc4tj4h9F-bnMQZ-dWREK28_xj7syYQb9P_npX15SFJSYlYtP1GW8TWZ4HaEFp9vbRcUqOKDl8uA/pYAM3C03Cm2814Qr48Z2-yL3PLsvumLQHO5tDDOSS3Y)",13,https://www.youtube.com/watch?v=vLYjqnu8jLQ,,Upper (Full),AR-15,35,
StealthCat,9mm,$639.98,"True Precision Springfield Hellcat 9mm Threaded Barrel,Apex Tactical Hellcat Trigger,LaserMax Lightning Rail Mounted Laser Sight w/GripSense,Swampfox Sentinel Ultra Compact Micro Green Dot Sight",,,"A red/green dot will cover quick aquisition, while the laser will make hipfire possible.  Suppressor will make the nug hearing safe and the trigger should make the thing butter smooth.",,0.1,Nick Preston,,"image.png (https://v5.airtableusercontent.com/v3/u/27/27/1712059200000/TK0SS_Zx--DPpjXFqcHJMw/nb8PS2t5l99_8C7swabjPGcGIXiMASaCEKCMHQe3VxquObHiJx4DP4GL8ihDW04XbsrJWL6NLNbuyjDOKmpFG-iaEVRb9xo_azelO_F_DGz3PeyqD3q1M7dRS_ttFIZkg6Lnu-glpmhP1uoakTOBcg/vcgi2LHeiFmPvMt2weHqZ7OfzWjcD_vnNiMLUxT86OY),image.png (https://v5.airtableusercontent.com/v3/u/27/27/1712059200000/k4eZd4RP5Ig4v2km-FAhzQ/_CPOagESVPEHgrYvFj9u_HJ5GV5q7WEOdVniT0ojPTZF8YCqrXben3I6JYM78egNYi3gVpCZBTJ_EkhWWfg3D9F4otZkeGkAmnM5mIY8XmZhzw_0oISL4eqV1l64s09CCRPW-bGwMS0YPeK3-CgOlw/s8P6nWRBGBw8Y2azb-0Uf5vvd3hva0Iqo4FQ7D1WcOc),image.png (https://v5.airtableusercontent.com/v3/u/27/27/1712059200000/_rAHQUjSDMz1KxtGNd094w/y-aRxqL5Fuqmsw9t40_aJsKlDJ3cIF_VnDkz_N-693rwWlitTZzyJECMzGjciFHsVIKCi2j_9ai8PD8ZaY0Ko-vP_9jDBLaXrDCdhSSvAvqzf-ww5VaeAXT6TQKm13M7WLIT7j7bBlnqeQgurUDfGA/FaMY3ixJu9JjcQiYscoZxLPd_shmOsBiqMIZ39KhPh4),opplanet-swampfox-sentinel-1x16-ultra-compact-micro-green-dot-sight-3-moa-dot-reticle-manual-brightness-black-snl00116-gdm-main.jpg (https://v5.airtableusercontent.com/v3/u/27/27/1712059200000/gW0lPE4I-zEWeS5A_VCZ9g/i49w2oRQHrt-BBiWtn_KkC8bhtixMAZxS2pqKXj7ZSiufrjK38mAq3qcjjj1dOBev9xzcYua78iWFH0wBHqIkyUm5CLmUamLE0D4hVBDq9_S8TiR1RlGnlC4-H0ZFzeEXuAvdK9zTLC0kpf5MdCwsavc3R-jKQoBX6ujKz4zJyNo0ouybZX83_wWgn2gmEm-OZmamAThfyOvrdLwj7PcamiwDuoYdq1tSgG8qvWz8bzp8-yZCDiJSUuflEy_9jOQYHBsjw-b0y2S9do4oAuL7VkFCTBz6D9bbromPYYq_VA/5kk9CCVvNq70HVTvZEx3vEVrrHS8UrTTxGuboJ7t3JQ)",48,,,,Handgun,39,
Ghost in the Shell,9mm,$489.00,"Flux Raider (Brace) – Sig P320 – Flux Defense,Sig P320 Threaded Upper,STL file Sig Sauer P320-250 Lower Frame・3D printer design to download・Cults",,,,,0.0,Nick Preston,,Social media image from cults3d.com on 2023-01-28 at 7.25.06 AM.jpeg (https://v5.airtableusercontent.com/v3/u/27/27/1712059200000/gLlWC1T7JSW6zLX9NHZcdQ/t7O4DNJeXqBo-HhKmLLVb_EaEx79kuOxCf63o3nEiw9zSqg0Lx5Nrv96Tdm4f11HdJ66MKCewQw9M9nhdmnVXvCTMXEtXs5_qIrqImNwNkR5c3SNm1EbBRt7vZqYTEO9L_44mF_YeFEddTDWesdKYa9AXADMWknZQXm8kFgc2NTIFG58Dt8RBFhyCFOL2jHk-o5FW1OXO0W8H0leFFmhjg/HeFhgmyhLPwTCU565oi8gps_TpAoE7sscattFDG0ZeY),,,,,,76,
Usurper's Uzi,10mm,$436.00,B&T USW Glock 20 - Free Shipping,10mm Auto Jacketed Hollow-Point (JHP) Ammo for Sale by Buffalo Bore - 20 Rounds,47,https://www.youtube.com/watch?v=eXMgJ1t8VfE,,0.0,Nick Preston,,Social media image from www.omahaoutdoors.com on 2023-04-18 at 4.20.49 AM.jpeg (https://v5.airtableusercontent.com/v3/u/27/27/1712059200000/7epDdZQEifD28WJ7tjjVQQ/AJS2W76z2bE_4CO4ziuYNNayGRwJjHUHjA9FgM4OEHZGczHwOjYJkrq_uDmara_Hxx2mn3rlwtS8Q0Qlrt_i8iPMbtXwOsH8Us8-ZQHyP7Z5TrrkUsH9Grrda2J6rv9Gv5qEW_vVW4NEbueZYUsg1c2TGw6JnAOj0E-8OG6dlpmjc8NI5sRmDMfpV1V5nbsMkQg-kILTQxtRM9RXJQL1h637Fq3gX7womR2Yj2BdvzM/_GT1dGzn6OvdU3Y1gE0Lkm1t4mS-6x2oCBxr8F_T5Fw),,,watch (https://v5.airtableusercontent.com/v3/u/27/27/1712059200000/8mKsAdgkAFNjOmi8vLP-UA/x_vXuTuKSJuej8t1GASu0cIT_YcP__BcWuHXy6nKsHnhIi_N0ZvmzF2_VAP1lrcMFgc8CzMlNpFX1vri280X5Sm8pgHlBV_yalofuCpkiD3vm_vCdHaQSlIGvwdiN3AhKnQ6TFS16u0tKCMcmW42vw/cT2ChWXbkduwxVux-7ionQu6CX68Fw1yu7HqJVb0tec),PDW,Handgun,78,
Glock Lobster,10mm,$129.99,"POLYMER80 PF45 80% FULL SIZE PISTOL TEXTURED FRAME KIT FOR GLOCK 20/21 – BLACK – 80-lower Shop,Glock 40 MOS Slide,Glock 40 MOS Barrel,Glock 40 OEM Upper Parts Kit",10mm Auto Ammo - 20 Rounds of 200 Grain Jacketed Hollow-Point (JHP) by Underwood,46,You can use a Gen 3 G40 slide on the PF45 frame without any issues. The PF45 is designed for Gen 3 slides. The only lower part that is NOT a Gen 3 is the trigger housing. You MUST use a Gen 4 G21/21SF trigger housing in the PF45 frame.,,0.0,Nick Preston,,1891__1.jpg (https://v5.airtableusercontent.com/v3/u/27/27/1712059200000/ULa4Ow04-qUnhcIW-jE6dA/Tcr0uJu5_8I4s-2qwQPHnzEp08_MF2rnGIBsTOsr6C6VPfWtBUxru_u4iscPv-3blRt-ZFKvh8c8rPL6LPbBWbTktm1Y38h9mBcNeJHwOLM5rgYkSjDDOGXYqr-LVkixBt0WKIU81mt0k3ZuyahWXQ/gTuHItCwJiEq-k6EXXs3iUyLuUr23ezGXs4awSEu60w),,https://www.glocktalk.com/threads/polymer-80-pf45-frame-for-g40-gen-4.1892832/,,,,90,https://ammoseek.com/ammo/10mm-auto/Underwood
Crazy Ideas,Any,$0.00,Masada Valkyrie Bulletproof Backpack Body Armor/Bulletproof Vest (IIIA),,,,,0.0,Nick Preston,,Image from zahal.org on 2021-11-29 at 10.22.30 PM.png (https://v5.airtableusercontent.com/v3/u/27/27/1712059200000/mcgv3mlmunxW7kT1DI5YwQ/fRIuNxGwgiFZQvryfEOzlSwHk6g4kdyCIXgjr9qlgR4BcVqDyDLUUchhafDGJGhl3ziYiATgeBbhSDHhiUgud8KEiF6Z-wQl2RvIZ3cXj_dzntf4e1aPTAR6PdjSpiUGE_ZjLg3yS7w8d8N4KrtgaG7CQ6MWEMs6pGSJI5vEdN-c1ikqsNcj5UqWy6stPVc_/chPbUZ_TBUG385tftLhlqDiK3x1odW_HLgldOh9QOyE),,,,,,38,
Fudd Lite,9mm,$0.00,,,,,,0.0,Nick Preston,,,,,,,,87,