Id,Name,Total_Cost,Inspiration,Kit,Sidearm,Primary Arm,Name (from Part),Attachments (from Part),URL (from Part),Parts (from Builds),Combos (from Builds),Roles,Name (from Builds)
1,TREX Arms Loadout + Minuteman,$27044.91,https://www.trex-arms.com,"Ragnarok Holster SD,Safariland QLS (male),safariland QLS (female),UBL Mid Ride,ScalarWorks 30mm Scope Mount,EOTECH G45 Magnifier,Hesco LVL III Armor Plates Set,TREX AC1 - Carrier,Throw Lever - Mark 6 | Leupold,Leupold Mark 6 3-18x44mm Rifle Scope (34mm) M5C2 Matte",FN 509 Tactical,"The Minuteman,Slytherin (Salazar) Sleeper,Severus Sniper,Sirius Blackout,Freedom Furniture","Ragnarok Holster SD, Safariland QLS (male), safariland QLS (female), UBL Mid Ride, ScalarWorks 30mm Scope Mount, EOTECH G45 Magnifier, Hesco LVL III Armor Plates Set, TREX AC1 - Carrier, Throw Lever - Mark 6 | Leupold, Leupold Mark 6 3-18x44mm Rifle Scope (34mm) M5C2 Matte","image.png (https://v5.airtableusercontent.com/v3/u/27/27/1712066400000/neTgn9fiP6L8PRVy0kGPwA/hxWVABQc0D_P2aXceGgBOhF1sts33Yo6yMLXUg7xMqNKg30TXJVlgd8uoPIaotuH8Bxn8ZXIQRPofJJ9eY0DX8dg7z5ttA9HcXM8StH-8WJofWbbHB8_S_RBPQdFNt2lGSw6fW3qYMDa487T5TMgIA/--ozYvCLNHcYAl9vfBE4CB_mJKXw26h0UcMBZNHJf6A),image.png (https://v5.airtableusercontent.com/v3/u/27/27/1712066400000/u8mUdpn4LigS5U2nmlRF6w/zmLIKay41bXhxc4NmEmphiISp5xvsBW11wfU76gr3y34xnydz2AiPnauxvKqKIc9_JpPaeJeMNmiot4SYeJ8c-iegYcwo2u17582LuiV9_169TvmvXffwY9by1yL_t63VcWEjCBa3RRci3gpaFlz-g/9TNO35aDvBXcJs2otU_Q9SLs5jb3HZrKbu57vXBk7dM),image.png (https://v5.airtableusercontent.com/v3/u/27/27/1712066400000/ahWHnJ15et0PKcB-HHFwmQ/3pBBvBYc7inR4BSHzwOWizBZAa1A9w2b9hjBWu5zkh1eXRZHR6be77dmL-dRBpUtVy6lruP5KmMERlVUlholzg9ZLlzX8p5ofk5ynnKwx9zcz0eKLuom57xsn5LGmHpWUwGjc9UTRlDl2CfATUzDrQ/i5686DOHpX_aDwZYH8fLtHZq-lmUy2bnh4MJGJRyuWA),image.png (https://v5.airtableusercontent.com/v3/u/27/27/1712066400000/nelVnxR6eJ5mn2o3Ex3Mvw/_HAe3ouRfmVKBwGKmO-NaCRR0gPWj9qMcDzBrCIhbwlcXoHoK13_ZLl_2hTE5p0sSoE3W9s5NW5pFBewkQMVaj__ediVdEWh0KFD7ESY33TSzrYERe_n7Lzd6zjvj6OTLEevNhVNyo0pDhsYedx1mA/8PPMRBR5z8HESwyQsm497MAi8CCz8gvULgnK3og381U),image.png (https://v5.airtableusercontent.com/v3/u/27/27/1712066400000/6UV62rT8EfsGZnRMy323nw/esxh5nAnRDbcjVqZd2k_uSjNMZhLOA3YKIEMGviXcJgExm1Huv8CZ3i5Knutg1ADvy1yIQo_JbHVoHMhZn_bhElzMdSVhsWYXrWVPKBYNgzoJ9iuNpeuRF_fYzfjcCopQ-orynE4oNBEsyRbbBgZFg/2JcDgOV5R3lQSFe3gJavHF10qB8T42gOfA43EYn3izE),image.png (https://v5.airtableusercontent.com/v3/u/27/27/1712066400000/NDECDcrUDlnC3dDLVOT4IQ/hAxrfW3ZAZvBHa-cyEgv8-WT03BA8rmxLM8gqmjvqY8detKJ2hmuh99MvGB7L4CMEErKqsaJ6JwLLZ5es7-MpTSxeVUnDMgplSn8iH-dDn9hwgxkW-xMxmsmhDkvR3AcRLnxEWQHi_bAwCKTshPXDA/awt-ZEuhXNNMEggAQjoyukzchmQlg1ExxwG4Qa3cAuk),image.png (https://v5.airtableusercontent.com/v3/u/27/27/1712066400000/i8k2Ot8jp2wDnbOF7OZvCA/kSbhELnuPtoX-UBnqCd2g6P4j0oL02vc5IPYdt74GE8NGg0P8ssX5mnLcAaYcQRh1EtkmG12LehpZ2Syn3i5fjyYer55RAXrRkTREPyBJGoiLsfenjjkVei0pee9m8l7Tis8vk_hhTBMcqNfg7Djjg/6m889qBvNDd3CQdWyOqONNRJsf0dxraMSBAl0X9mpEc),Social media image from www.leupold.com on 2022-11-22 at 10.39.58 PM.png (https://v5.airtableusercontent.com/v3/u/27/27/1712066400000/qLuC7-ljv21roDGOmN8Q0g/-zAn2K2MggjpScixzBxABmUrEs_L1jB7wgejbV5RGMQle-e_PER3t1XWytWyvu-UI88afr5x3gzLTweZa3DWRIjAU9cITYD0A_27owVwyJ9onQ_UvAOuOuVcy_cVlGC8O8vEqSlukIu9fo6_DjkKd6rJlfYhAySTIXDqvJNRoboFXypTp9XpiRkqrtUvZV9pBEcBw8c4hYfFBaJbfHbdlA/6K5D4JvDeOQgWEbKOVP2z5loYNv7TH21mvT9B6Lcv2M),Social media image from www.mountsplus.com on 2022-11-26 at 10.21.44 PM.jpeg (https://v5.airtableusercontent.com/v3/u/27/27/1712066400000/xsxTjBgZ9W9aYabDwFrIrA/tha7mJxF_KLbEwK2DYi1V-qg6FeSBhYLIhmFznBr_Doh0yLrlb-q5HaBm7q9F4cf38SKTKCKCzFXKAi2yrKxAQkN53uDWYDdW5XyRgJGNsrSbKmD3y_fKakBFxL_ar6PePnGWXMhL9P8tTa4Xtb_rDnz_bTn6koymZZjfmcWrqXFNsXkWROfVcB7MCGnwFo6UXSnYE1HbhbMAKkx7WmoDg/EX_nvhW8HYpjymmzBfgWUvR0l7Ijc9zMTulD_EEgnIc)","https://www.trex-arms.com/store/ragnaroksd/, https://www.trex-arms.com/store/safariland-qls-male/, https://www.trex-arms.com/store/safariland-qls-female/, https://www.trex-arms.com/store/safariland-ubl-mid-ride/, https://www.trex-arms.com/store/Scalarworks-LEAP-08-30mm-Scope-QD-Mount/, https://www.trex-arms.com/store/EOTECH-G45-Magnifier/, https://www.trex-arms.com/store/hesco-3810-level-iii-plate-set/, https://www.trex-arms.com/store/T-REX-ARMS-Plate-Carrier/, https://www.leupold.com/throw-lever-mark6, https://www.mountsplus.com/leupold-mark-6-3-18x44.html","UBR Silent Capture Spring Combo,Leo Takedown,Law Tactical - Folding Stock Adapter (FDE),80% Arms Billet Lower (Blemished),V7 Enlightened Upper Receiver,Totally Titanium - LPK,Elftmann Pro Match Trigger 3.5lbs,Walker Defense Titanium BCG,Faxon ARAK-21 7.62x39 Ambi Upper Receiver - Quick Ship,Throw Lever - Mark 6 | Leupold,Sentry Strap - NeoMag,LIGHTWEIGHT M-LOK QD SLING MOUNT,""ODIN Gear Suppressor Mirage Cover. Mitigate suppressor mirage with our three-layer constructed, made in the U.S.A, suppressor cover."",Aimpoint Acro P-2 Red Dot Sight – T.REX ARMS,Scalarworks PEAK/02 folding iron sights for AR15 rifles.,Scalarworks KICK/02 offset Trijicon RMR mount.,Scalarworks KICK/03 offset Aimpoint ACRO mount.,SUPER YOTER R 3.0-12.0x50mm Compact Thermal Weapon Sight – Tech Savvy Optics,AR15/AR10 Brass Catcher - Operator STD,Throw Lever - Mark 6 | Leupold,Proof Research 6 ARC AR Type Carbon Fiber Barrel | 6 ARC,Larue 5.56 Stealth Barrel,Leo Takedown - Barrel Coupling,V Seven AR-15 Ultra-Light Lith/Alu M-Lok Handguard,Proof Research Valkryie Barrel,Superlative Arms Gas Block,""CODA Handguard 15"""""",Leo Takedown - Barrel Coupling,V-Seven Gas Tubes,Failzero .224 Valkyrie Bolt Carrier Group,Leo Takedown - Barrel Coupling,HONEY BADGER BARREL ASSEMBLY,HONEY BADGER HANDGUARD KIT,HONEY BADGER BARREL NUT,VTAC Rifle Sling,CMMG .22 LR Conversion Kit (low cap),Glock Threaded Barrel,Dead Air - Wolfman,Harris Bipod (6-9 in) Swivel,Vortex Viper PST 1-6x,EOTech Vudu,Nightforce ATACR,Bipod Adapter","Magpul Ubr Mk 2,JP Rifles Gen2 AR15 Silent Captured Spring Kit - H2,V-Seven Titanium Pivot Pins,Titanium Ambi Selector,Titanium Buffer Retainer,Ionbond Diamond Mag Release Titanium,V-Seven Takedown Pin Detent and Spring Kit,Titanium Bolt Catch,Titanium Combo Pack (Castle Nut and QD Mount)",Admin,"The Minuteman, Slytherin (Salazar) Sleeper, Severus Sniper, Sirius Blackout, Freedom Furniture"
2,Garand Thumb + Minuteman,$0.00,https://www.youtube.com/watch?v=zKZdxYMWqzw,"Crye Pants,Crye Top",,,"Crye Pants, Crye Top",,,,,Admin,
3,Night Vision (separate),$0.00,,SUPER YOTER-C Thermal Clip-On - Basic Precision,,,SUPER YOTER-C Thermal Clip-On - Basic Precision,Social media image from basicprecision.com on 2022-01-22 at 2.36.12 PM.jpeg (https://v5.airtableusercontent.com/v3/u/27/27/1712066400000/HjtGebG3O6nhvGuUI1hZLg/ImuEZoUIfnj5mTk7KcCEJ1Vv7pfNJrYgsNOh1cF94Ur791qSzjWLxe8wcmOlMlmlctdXPs7YOOrTMBiMNQ7F0w00lB-CWkP2OW6-JJAqQVSMe7ffUfAVN9oDpz0yJJF0RuCrTFTT3P9vUOJykVNvZNsddd373FpFTJgTVa94sfC5MpAnJxwFp42RJARcz21gynf7ZKUaJsPxpsPi4bQN_Q/TvTjIau5dv7wik46pyrsKDd1lQYHUsyqeA-e_rthcNk),https://basicprecision.com/products/super-yoter-c-clip-on-attachment-with-50mm-lens,,,Admin,
4,Combo - TNVC (Thermal + NV),$11000.00,,"ECOTI,Bump Helmet,PVS-14 - White Phosphor (Used)",,,"ECOTI, Bump Helmet, PVS-14 - White Phosphor (Used)",products-ECOTI_bat_af.jpg (https://v5.airtableusercontent.com/v3/u/27/27/1712066400000/sR3l5TLGCg3UHg_YA4SScg/eQxsimMfsqQuXAB6GsMjMTZphahfVUYF76yOjccl3YT_bqwOUvQaWaPcFxpe96K5jpVkEAp9y1pVoGqcjxiHV4VmCidiv5ibF4P6b-eghIweh16LxHazgKN9fR5QkUO2StMF68730cn7P30vkqKV9oaLfXNE7eoVYrESS25iYJo/M1NiGeRFTBWFp-t34N9atKBIdjs0CuZFIwKBXci71_k),https://tnvc.com/shop/optics1-e-coti/,,,Admin,
5,Combo - Thermal Scope + Monocular Setup (iRay),$10195.00,,"iray Thermal Monocular RH25,SUPER YOTER C Long-Range Thermal Clip-On | Night Vision Guys",,,"iray Thermal Monocular RH25, SUPER YOTER C Long-Range Thermal Clip-On | Night Vision Guys",Social media image from nightvisionguys.com on 2023-04-28 at 6.58.18 PM.png (https://v5.airtableusercontent.com/v3/u/27/27/1712066400000/vT64_qDkUTShQqX4xSQRKw/al9JRpOpt6zNjNOfVhUMDC6P4e9TadLNTcEEspPZw95mGdeQVMniTevYWlXcU1VmrQhe0CoT6rG9dWoBxeKfTViqxpXFEZrz0kVaPjL6IfVQWtpB0HPijWwPETZGkzKU3FZ7zy6f-DbLf8GqWbWzIFIk_VOqLucQID1ys-hFbQf5vx07hpi70YuBLRgcQoUxtc_WOuTo80fL1UGNurUDww/A76nAM_okGZXbGvqtlzUdRrJEy15JsAWxv_FXgSNBNA),"https://irayusa.com/RH25, https://nightvisionguys.com/super-yoter-c-universal-long-range-thermal-clip-on-attachment-50mm-lens-vox-640x480-core-resolution-50hz-refresh-rate",,,Admin,
6,Base Airsoft Loadout,$229.00,,"madbull c02 charger,FN 509 (Tokyo Marui FNX45)",,,"madbull c02 charger, FN 509 (Tokyo Marui FNX45)",tm-90290r-3.jpg (https://v5.airtableusercontent.com/v3/u/27/27/1712066400000/JXuOvyxTk-ZeleV4YmYnCA/j7qXtW0luteXHB4WK0mlSfHWYSaI9MbV5Me8p2B_Hf1c1E0T8UEptim9oRE-z8oKtX2FdIWIWp7c8g5tSbzFyIxnMVn5IWd8WfJNUJrRRqWte9zHx7OiqG9qEpGGHMau2HBaBOiKqwnKlxTuoeko1A/lr5h1XDhmO24mqZzRydO0xEaaY7ybKupFnSLkY4-SRE),"https://www.airsoftgi.com/product/Madbull-XC04-Portable-CO2-Charger-Black-4825/
, https://www.evike.com/products/10025/",,,Admin,
7,Israeli SF Sniper Loadout,$60.00,https://www.youtube.com/watch?v=LGZu4o1CoIc,"Barret REC 10 - 7.62,""ODIN Gear Suppressor Mirage Cover. Mitigate suppressor mirage with our three-layer constructed, made in the U.S.A, suppressor cover.""",,,"Barret REC 10 - 7.62, ODIN Gear Suppressor Mirage Cover. Mitigate suppressor mirage with our three-layer constructed, made in the U.S.A, suppressor cover.",Social media image from www.odinworks.com on 2023-06-13 at 6.43.03 PM.jpeg (https://v5.airtableusercontent.com/v3/u/27/27/1712066400000/qp8q8xv2sV3ic4lVP1dwBw/O1OmoC-3o5yGs5gCt8PyDmLLIIn3EU4KBPjZvLlcRbvQd5VX6xaMsKUMpNDCBLyLpitsPCcS5o_AYIFBK9yk6L_0aFJ48Zwp2ep1UIJlrdmJ-FAc3jTqHtcTnBM1gxnMUhSYR9dJiUMikgMrOond0pHgZz54IkPuH7Kclcg_b0iq1Q50-wIFNb7Ed1tDVoFHBnr1xnhat9LOkOGuiSgIWg/9FiIn4i0KVCRR346Ll2o8jDetyft1x-kQPIgnrFbxZE),https://www.odinworks.com/odingear-suppressor-mirage-cover-p/owg-smc.htm?mc_cid=5d58b5a025&mc_eid=d0fb744fcf,,,Private,
8,The Markswoman,$3532.82,,"FANG Shooting Stabilizer | Devil Dog Concepts,SABER 5X PRISM SCOPE | High Performance Tactical Optics for Home Defense,Surefire Light",Springfield Hellcat,Cruise Cannon,"FANG Shooting Stabilizer | Devil Dog Concepts, SABER 5X PRISM SCOPE | High Performance Tactical Optics for Home Defense, Surefire Light","Social media image from devildogconcepts.com on 2022-11-23 at 3.13.48 PM.jpeg (https://v5.airtableusercontent.com/v3/u/27/27/1712066400000/WbvdJdvzSrvfn7k_DwKktA/Na_jXVZ6cqqUGw6hUwanR1yQDjRKPR1ONN-J5yM9bnsw93d-m3iNa2jJ0h3txoXY48a9IAEBOUwcVOgEQDad6pt4tRM2q9yR7jSl5lHmMDg5xQZiey5DM8Fc6hTw_THeOg46Jak02Iq3Tca7-uRsql1VQWNzIniFEEFdzHi8oj_krH0ZR6bij8UX4Du78y_7UY2QZTpTDTrjQUCvX2PaqQ/Jvl1F7p3yJ49f-QbJntEE3tKQ8zfMyRtfy3l0ovIfUg),5b414506d64d5ae7adda0ebec0f5c13e0d04d151-950x950.jpg (https://v5.airtableusercontent.com/v3/u/27/27/1712066400000/DJNOc7O0Ky_4SYWYYl-mmw/FbUqwS9j7tRClkW9AAZCebww09hWeNfHjyyrVkRRiZa8c5vZ2tTd3b7DUh6I-NBZEaw2aRVSX4pK4FU0hPb9s3ytBzhpnx0_8FCpsVVuN3Z_ODOjd8azI6XpQYPNx3XdPq4ZQ_NLN7SaRV976KZ_ohintQIBQTHGGiKcRFLrUXU8R2Q3ex8jMQTxrAJDDW17/cY52AZvEqP0vhwdOoKWZp-VG-DUlc3upEoLaTZqUJZM)","https://devildogconcepts.com/product/fang-shooting-stabilizer/, https://www.swampfoxoptics.com/saber-prism-scope-5x36","80% Arms Billet Lower (Blemished),Hard Charger - Devil Dog Concepts,Totally Titanium Upper Parts Kit (UPK),Fostech Echo Binary trigger,Totally Titanium - Barrel Parts Kit (BPK),Totally Titanium - LPK,""Coda 7"""" Handguard"",Tyrant CNC Skeletonized Grip,Aero Precision Upper Receiver XL,SBA3 Tactical Brace & Buffer - COMBO","Titanium Port Door,Titanium Port Door Rod,Walker Defense Titanium BCG,V Seven Titanium Barrel Nut,V-Seven Extreme Gas Tubes,V-Seven Titanium Pivot Pins,Titanium Ambi Selector,Titanium Buffer Retainer,Ionbond Diamond Mag Release Titanium,V-Seven Takedown Pin Detent and Spring Kit,Titanium Bolt Catch,Titanium Combo Pack (Castle Nut and QD Mount),Danny D Buffer Tube,Tubb Precision AR-15 Stainless Steel Buffer Spring,Daniel Defense Buffer H1,SBA3 PISTOL STABILIZING BRACE 5-POSITION ADJUSTABLE",Admin,Cruise Cannon
10,Combo - Agilite Necessities,$1018.73,,"Military Balaclava | Agilite's SF Balaclava,Assault Pack AMAP III | Agilite,BuddyStrap™ Injured Person Carrier - Agilite,""K19 Plate Carrier 3.0 in Multicam, Ranger Green and more colors - Agilite"",Tactical Fingerless Gloves Mechanix M-PACT® Agilite Edition: Multicam/Black,Hook-backed EDC Organizer Panel - Agilite,Hanger Pouch for a Plate Carrier - Six Pack™ - Agilite,Plate Carrier Placard - 5.56 Triple Mag Pouch - Agilite,Edge - MOLLE 3L Hydration Set - Agilite,Level 3ST Ceramic Armor Plate - Invader™",,,"Military Balaclava | Agilite's SF Balaclava, Assault Pack AMAP III | Agilite, BuddyStrap™ Injured Person Carrier - Agilite, K19 Plate Carrier 3.0 in Multicam, Ranger Green and more colors - Agilite, Tactical Fingerless Gloves Mechanix M-PACT® Agilite Edition: Multicam/Black, Hook-backed EDC Organizer Panel - Agilite, Hanger Pouch for a Plate Carrier - Six Pack™ - Agilite, Plate Carrier Placard - 5.56 Triple Mag Pouch - Agilite, Edge - MOLLE 3L Hydration Set - Agilite, Level 3ST Ceramic Armor Plate - Invader™","Screenshot of agilitegear.com on 2022-11-26 at 3.14.07 PM.png (https://v5.airtableusercontent.com/v3/u/27/27/1712066400000/7bEgNWsLwakHhOqTsLI4Qg/5xNObek6nRdCGOeSk36cRkOseHHKxrRhMgqLItmlXi-Qp78D5gGMeQW-9CY5SYrcAYVBW5YgmYDhk_fU5Q6xFCp0cmS2Eibv2bsd-PxJ-F69Qf763T32WMI2IbVv2Y2AoOOfy-2FxQI_Obi26_HM0qzZoq9-tVfTEmGoTHf5WLpCHDrjBf0wjRlZb2FhgLfOsxWPoDyIiuAy2AuCTn9H4w/2SWBMvBQjC9T9gpO2icH-VCHq2nt6G1_0a1kndXRKp8),Social media image from agilitegear.com on 2022-11-26 at 3.12.57 PM.jpeg (https://v5.airtableusercontent.com/v3/u/27/27/1712066400000/Fs40jBcTcDP0o_SKaOn30Q/78EjspaBo_bDawR55_o5KIhRF06yHoeZSNf3G3Nw9Ty6oemthjHmRNekMA3MkUCJ9BbmwQvO1BuH1qAUklgQ9SdPICgo0BfCx_0-itm4xzhVjcZXat_FziJvjiWSLcD2tv1rAouMsZaiwwncY4JXC0isOGQ_uqxghykGSSnfvpKXz7smatohqBEfOycVsoNq_AAFrDSFMWf80FKLtEUhBQ/6hLyv1hqAlNNdX8gxIlSWi-pf4YwPHKV6Z79kB5uq3Q),Social media image from agilitegear.com on 2022-11-26 at 3.08.11 PM.jpeg (https://v5.airtableusercontent.com/v3/u/27/27/1712066400000/DiJopjTJuZq-vTpnMtqqpw/3k-FIhmPfNodxgib_eGJkm1FtNWc7dvVXf-51JmK4VmtDk97T-Y1XyXXStaCZ_1ZRHXTSkqrg3VCPBAKlawJFI8-aQM358L4rTApZKJjACn_6TrVWmLMnk1vEMtK7HyYGOLiTpNi5pgMrypU7D28PWWdxv2stSUjpUKsnI8bxR4qJJsDAqecS7dqaXFXhkOpeDVfTzm_vIl-vv-4z2PrcQ/jiy98_4qQc7i_-isOhqx9AE4xUtV2J8DneWAMwpYC-Y),Social media image from agilitegear.com on 2022-11-26 at 3.09.33 PM.jpeg (https://v5.airtableusercontent.com/v3/u/27/27/1712066400000/L979JAE3A2xKRqaa7CpIdg/zQeA5A1F6_DlJutpjwJLehtnaxgHM80h_J4JIiBTPLbvDR-cV4JHxmImbXNjokPIwkNUwh7PKr9PZBEkYxFRDJKnjK9SYU6XlepSM7EPwZ2tebpPHWZnI370I6xDCAxOpQz5HkEtmfcs31tm3wqmnb0fjtJO0bVTXC3srnSxqMmiyoHQbLB5MvdanqgekvMDX_nmzaJRK4eukpLmfumv0w/uCtSuLlG1FY3c8eNKKAd8cNvudqOLuK9jk2jBRDVaig),Social media image from agilitegear.com on 2022-11-26 at 3.15.45 PM.png (https://v5.airtableusercontent.com/v3/u/27/27/1712066400000/Dnf-tgH4qHNRFmQUveCLpw/RI_g3kk-Dvj8kTWdTIajfVne6gpOurOQnUO6ejpnRP4ZZCNPhql1Wr_XPP6vAnmiKluCQ8d-waYbiDalh8Of1bkdO5j7K0pzLpjr3EIPeSKQnKruLo9W0uy3SjHG2T2inInpg4livmUoqZhn13dcuV1FB1noPKtcIFd6AqUj2Me_V-4otBGDvsL_erWsm15KDiJgCT-_L9Vx8M-lyLV9nQ/z86BvVqL5zV1uF0kNIihORcHPjiIIni8bN7N_hZqsbA),Social media image from agilitegear.com on 2022-11-26 at 3.14.26 PM.jpeg (https://v5.airtableusercontent.com/v3/u/27/27/1712066400000/jIeaPlzTsSF16RnJ_1mGmA/uMB51tTo2BkSDnpeo0nUrVGDXEdO0FcPCOjUlyas3Sp_hBN5ONIaZtfp3AbvNOVVafsBBWbwEFoLRw9zFnBE_AEmuK_tCXkHqgoXGxQDtWex_qO0JRSnpCO6u704sB8If2Rzy2EfGJruJ8VX9RuC2LVSYs3fgbuY1hG_BxeW4lip7rk_1ytR3l8wRv2H5ztVdkR34Cbec98u3oV-fnv9MA/mY5VRn6Gjy4X92-sjeGyYOR6sPkBqT0ZQXEA5EpR2Ik),Social media image from agilitegear.com on 2022-11-26 at 3.09.58 PM.jpeg (https://v5.airtableusercontent.com/v3/u/27/27/1712066400000/Mmgp5gHKQWTDxDKDswB2vw/73GpapYkLOj3nuEBIjI_8z8zgo7Ag33650eVQjZ_tPuzMcWp9RgQMmwoGNcBQ_6X8LtiTQlGcH9du-1lP2XeamEZNYXRYcyNIk3tdNtT3Wu0QccWUv9_EmzwkdzXdj66NwNo3VwokWWa3E5rP7MUqpai82L5UAY3MrM5UW22faCoXoFw_cVf_b6GsJh2bHaT1HtXXkqjhzBL66FefqSspg/5If5ImKf-jsgijE6rSdl4tXAUOo_Geh0xkYDC-v0XMI),Social media image from agilitegear.com on 2022-11-26 at 3.10.16 PM.jpeg (https://v5.airtableusercontent.com/v3/u/27/27/1712066400000/ezHmgkR5hOuTZzW9Df9a8w/K10KG4W2Mb_7FHcZOLojs1-MERqmeZoGj0rnICswSBRP3L8MnBpp_tuh31RKq0rpB1yJWrCsqvn8Spq4fNeE1JHn0x2_i99nZov6IMI446mjKR2YctTGgMuy4kOgloogeVZ_m2YLbMOb-LmZwWOEKfRRQmYCLSMONZo9p4apgepWEPJ6t8o_dPWli3LIC2qDBHOHSk22f07avdLOafQG9Q/fC6j0YiDgBO1NfkKemCmNzSoeAcNbdpehl8rc5sO7xY),Social media image from agilitegear.com on 2023-04-28 at 12.15.52 AM.gif (https://v5.airtableusercontent.com/v3/u/27/27/1712066400000/Q5LqFfXPSuxTrRL6YVF-wA/HzYUPIxSYHKya2qkOvS4a8_GFvY9YiGS66GpRoYyLbUluDL02CT-OT_fUdFJtX8kSdl_Mb5bmQu3QINnS1DVzfL1Pn9CXIiOQZqCwQKMwjqBHvN50FzSqzQfliFmsZXFBybWRZNyUxk1ndVdO9tUm6J7yR7ql0aFQ8N7ieIm9Zr9O1J8TziFZOfccw0cQRpsAowDlL4XIeSgL1CT_1cBTA/6JwO246ObNfZOGQpbZOwtbZLjTnSvIf25z33X3fgD7g),Social media image from agilitegear.com on 2023-01-16 at 8.23.40 PM.png (https://v5.airtableusercontent.com/v3/u/27/27/1712066400000/SwbGGSFfyTv33NkYHjCuNw/K39ZSQwQBT8fuouX_XSxgTwJuAZrJucbcTmlzFSrZJC7uPNp39q3inkN88n8PnpFAqCc1MEiZ-k0eHINtgM7hdM9aW8fyKE1X55PvIlrVaTQ3vftJm9InIxNAG6KQhPztmPMC5m08W5z9aWaAZeMWx5E8IgB_cEbHCBhil3fdM8HvR7u7IbCCi30_wjCyc6wa2uLOtik0lPJwV1qMdbBvg/6BL14SgMn_zkVp8DtVol2xuTS5AYVG0jr11LgYdLnuc)","https://agilitegear.com/collections/combat-gear/products/sf-balaclava-black?variant=36945462821022, https://agilitegear.com/collections/combat-gear/products/amap-iii-assault-pack, https://agilitegear.com/collections/combat-gear/products/buddystrap-injured-person-carrier, https://agilitegear.com/collections/combat-gear/products/k19-plate-carrier, https://agilitegear.com/collections/combat-gear/products/mechanix-m-pact-agilite-edition?variant=36465923326110, https://agilitegear.com/collections/combat-gear/products/hook-backed-edc-organizer-panel, https://agilitegear.com/collections/combat-gear/products/six-pack-hanger-pouch, https://agilitegear.com/collections/combat-gear/products/pincer-placard, https://agilitegear.com/collections/hydration/products/edge-3l-hydration-package-deal?variant=29422020264005, https://agilitegear.com/collections/combat-gear/products/level-3st-ceramic-armor-plate-invader",,,Admin,
11,Israeli SF Sniper,$25651.10,,"Mark 6 3-18x44 M5C2 Illum. FFP Tremor 3 | Leupold,Scalarworks LEAP/09 34mm Scope QD Mount – T.REX ARMS,Scalarworks KICK/02 offset Trijicon RMR mount.,PVS-14 - White Phosphor (Used),iray Thermal Monocular RH25,Lewis Machine and Tool m203 Grenade Launcher,JP - Bipods and Monopods,PVS 14 USGI Head Mount assembly,TNV/PVS-14 SG SuperGain (L3Harris Unfilmed White Phosphor 2376+ MIN. FOM) – Tactical Night Vision Company,""ODIN Gear Suppressor Mirage Cover. Mitigate suppressor mirage with our three-layer constructed, made in the U.S.A, suppressor cover.""",FN 509 Tactical,Slappy's Sledgehammer,"Mark 6 3-18x44 M5C2 Illum. FFP Tremor 3 | Leupold, Scalarworks LEAP/09 34mm Scope QD Mount – T.REX ARMS, Scalarworks KICK/02 offset Trijicon RMR mount., PVS-14 - White Phosphor (Used), iray Thermal Monocular RH25, Lewis Machine and Tool m203 Grenade Launcher, JP - Bipods and Monopods, PVS 14 USGI Head Mount assembly, TNV/PVS-14 SG SuperGain (L3Harris Unfilmed White Phosphor 2376+ MIN. FOM) – Tactical Night Vision Company, ODIN Gear Suppressor Mirage Cover. Mitigate suppressor mirage with our three-layer constructed, made in the U.S.A, suppressor cover.","Social media image from www.leupold.com on 2022-11-06 at 4.32.58 PM.png (https://v5.airtableusercontent.com/v3/u/27/27/1712066400000/lzCMkOZgDRVVOaXSP5Xduw/3xSKjYxwHLTtSEgfq3b0tWy5S8avJB2go7U9CKh-NOru6o6ApbCKhCI-tZpq4V-oGYtJpthcGQWvi3SclpvA6bPUKbG4h5IR86R4njLAXtJw32I-01gk8UtmdjO5SvAWxrabvVE4Pz4r91acaxaMCXBFaLG9IDqYu04zWlXXgvs7SEaukUdIrsLAn7HMuqC52r04nV_ElvELg-2ZuM6Jfw/AbSGyRz--OFWS3EBA12Bdi1QrdxQhZC0GHT9-BInKMI),Image from www.trex-arms.com on 2022-11-18 at 12.51.35 AM.jpeg (https://v5.airtableusercontent.com/v3/u/27/27/1712066400000/AsUf4xpsDWwwYlFBFc7y5Q/2jmmZqVmYlgsRWbI78nBRMDBQuNQfUO2RHkoLI1JAxEs-SW9bo39VbmH1Mwm7RDWeCkQEKY6dXwaQJqDFppOSZxJvkHqEZcZTnn1ms7rNDwwxlyUXAdXEcROSwFqsezNnBdwKptD7A4wlKPrJjxdmeAA2T84IWcUGBWI-kMKsOcrGLL1bCvWy6XbQDTgQTkekdEQpO1JkSAL5PLT8Ax5LA/LgP1lg2aSY_aFcdtp8PxW4QDT6JEZqZrg8bOEU1mFnI),Image from scalarworks.com on 2022-12-13 at 1.05.50 AM.jpeg (https://v5.airtableusercontent.com/v3/u/27/27/1712066400000/GaapUGsnsw-TWKX9tAiC1g/JQx8LT98oILTGJpxEHd62p50YbfIAS0dsYLdYoqVK5WLDBI1gtnZPtOWpylvdNAcV1EoGIU3QgM4D6E5ucLPDnpSlUnDwpTISGf5j3D3ATmJaN_Zm_xrDw_GhJB8MVMpEOKn0XNJf5c3hX2G69Xr-aqjQr8HT6waSlVnjOndFyWstcV2CNpGOmDOdGXGcunK/AgO94UUfoqKaE1xUBYo8F6rxwsfm2491hecNT6PKRuU),Image from jprifles.com on 2022-11-23 at 2.54.42 PM.jpeg (https://v5.airtableusercontent.com/v3/u/27/27/1712066400000/1ohw1e6duFLez2_h8m8R0Q/bOZqkB5TR6roQhAu26BGng5ZKARpBvfj1sgDNoZwui-YkuGIjgG0M7l1BKEA_kyXdNDG_yA6pIXnZtCp8bc5iMIiZLj_rWx3r4dAh-mDKnaQTkPvmi2dYIRem52U7tIvE-d4RLE_bZYh361GGaodoNi-Zway0X2gpcxFYS04ZQdaDExRpplXeU6C0nseemoC/LPYJg1aq2A4ApqDRzQDDe77qK188H37Y2AudxezZQmQ),Image from www.tacswap.com on 2023-01-29 at 9.53.48 AM.jpeg (https://v5.airtableusercontent.com/v3/u/27/27/1712066400000/Une3KqKyilW5i57tlVqPMg/yP98Uyhao4k_WW1l_UOSk68KzEOHo4fMQAmOgXW9Q0xQ85VNM0Gd-rMUI0CBhktBBny4-HiJxIx0xI4VzgP_8XQao5KEMEkonuVeGl5R94AUAOkz99gLznbhs3Nubi6IjGBuTRJS3MpSmNkdEuHYXwZe3-16YTpn7NNMyyUhdpbwfCEU3MEn5vr5U5VJ_gtJ/CewZFZf0aWWumABqK55xRJ_EYP8v9-q_eUQYoOrwqEI),Social media image from tnvc.com on 2023-03-22 at 6.42.53 PM.jpeg (https://v5.airtableusercontent.com/v3/u/27/27/1712066400000/7RcpcmVnE2_al_fiTjI8qw/4WOYqaIFlGnk02916oV71yHPky_9AvDALxL5ul6xV_5a2znn5g9LOtDPug0Sa3XvCAgvCL3hy5DgGNc_FjEyGFTt4UHn412jEpc1kf-pljT0wPICEcveMlMTswY8pTedK3HNFzRh76DsrZqEYxgckkYFlVAqu2BLrTCSEQKcUXcx5kAIfFuFpI5yk_LWfHiCqcOU5Rer9tYkLuNs9WhytA/nDfX3svpNhm5d4Le-oTwrfq8sGC0n-yVFDdEhKlfk3U),Social media image from www.odinworks.com on 2023-06-13 at 6.43.03 PM.jpeg (https://v5.airtableusercontent.com/v3/u/27/27/1712066400000/qp8q8xv2sV3ic4lVP1dwBw/O1OmoC-3o5yGs5gCt8PyDmLLIIn3EU4KBPjZvLlcRbvQd5VX6xaMsKUMpNDCBLyLpitsPCcS5o_AYIFBK9yk6L_0aFJ48Zwp2ep1UIJlrdmJ-FAc3jTqHtcTnBM1gxnMUhSYR9dJiUMikgMrOond0pHgZz54IkPuH7Kclcg_b0iq1Q50-wIFNb7Ed1tDVoFHBnr1xnhat9LOkOGuiSgIWg/9FiIn4i0KVCRR346Ll2o8jDetyft1x-kQPIgnrFbxZE)","https://www.leupold.com/mark-6-3-18x44-m5c2-illum-ffp-tremor-3-riflescope, https://www.trex-arms.com/store/Scalarworks-LEAP09-34mm-Scope-QD-Mount/, https://scalarworks.com/shop/extension-mounts/kick-02/, https://irayusa.com/RH25, https://jprifles.com/1.5.1.9_pods.php, https://www.tacswap.com/post/63cdad52021e45a6742af589, https://tnvc.com/shop/tnv-pvs-14-l3harris-supergain-gen3-unfilmed-white-phosphor/, https://www.odinworks.com/odingear-suppressor-mirage-cover-p/owg-smc.htm?mc_cid=5d58b5a025&mc_eid=d0fb744fcf","TiN GOLD BCG 308DPMS/SR-25,308 WIN STAINLESS MATCH BARREL 18 IN,CMMG MK3 .308 Lower Parts Kit | 80% Arms,Black Anodized Billet .308 Lower Receiver | 80% Arms,""Sabre AR-15 Comfort Grip – Fostech, Inc."",Luth AR MBA-1 (rifle) Stock w/ Adjustable Cheek Riser,Scalarworks PEAK/02 folding iron sights for AR15 rifles.,B.A.D. Lever - Magpul,""Riflespeed Gas Controls .750"""""",Ryker Grip,Law Tactical - Folding Stock Adapter (FDE),Elftmann Tactical ELF AR-10/.308 Trigger,Magpul PMAG D-50 AR-10 7.62x51 50-Round Drum Magazine,Maglula AR-10 .308 / 7.62x51mm Magazine Loader",,Admin,Slappy's Sledgehammer
12,Snow Owl,$7338.94,,Mark 6 3-18x44 M5C2 Illum. FFP Tremor 3 | Leupold,FN 510™ Tactical | FN®,Snow Owl,Mark 6 3-18x44 M5C2 Illum. FFP Tremor 3 | Leupold,Social media image from www.leupold.com on 2022-11-06 at 4.32.58 PM.png (https://v5.airtableusercontent.com/v3/u/27/27/1712066400000/lzCMkOZgDRVVOaXSP5Xduw/3xSKjYxwHLTtSEgfq3b0tWy5S8avJB2go7U9CKh-NOru6o6ApbCKhCI-tZpq4V-oGYtJpthcGQWvi3SclpvA6bPUKbG4h5IR86R4njLAXtJw32I-01gk8UtmdjO5SvAWxrabvVE4Pz4r91acaxaMCXBFaLG9IDqYu04zWlXXgvs7SEaukUdIrsLAn7HMuqC52r04nV_ElvELg-2ZuM6Jfw/AbSGyRz--OFWS3EBA12Bdi1QrdxQhZC0GHT9-BInKMI),https://www.leupold.com/mark-6-3-18x44-m5c2-illum-ffp-tremor-3-riflescope,"Elf Owl Pistol 6mm ARC - JTAC Industries,CGS Hyperion 22",,Admin,Snow Owl
13,FLIR Fun,$1899.97,,OpticsPlanet Exclusive Pulsar Core RXQ30V 1.6-6.4x22mm Thermal Imaging Rifle Scope,,,OpticsPlanet Exclusive Pulsar Core RXQ30V 1.6-6.4x22mm Thermal Imaging Rifle Scope,Social media image from www.opticsplanet.com on 2022-03-20 at 3.16.26 PM.jpeg (https://v5.airtableusercontent.com/v3/u/27/27/1712066400000/bDTCtfnjD-uvj-UReLUwVw/A59JivHBSpigOTyIC1JJE-xrkHAssYbM9a4fvLAH3YxLwdgYpuLRZf5rPC91gjuvbAcj_qiwuok17H0jbgwmzFxvjwWaz1q-XlIb6pxfUhY0Kp1VMVoEdhhEzS-zNo1o5gtZQkThD3zAyAj6w8sz_VsvbaTjRSNvlORDfNKI5DpY2Lr8o0ToVULhETWPrYiVkmQhegT33esomT2srJK60w/GB4vNPAYkJIGpPdaa6zKOWeRmiLeqpY5yBth5kdSuqE),https://www.opticsplanet.com/pulsar-pl76483q-core-rxq30v-therml-scp.html,,,Admin,
14,Winter Wear,$601.87,,"Woobie™ Quarter Zip - ACM™ Warm 600 - FirstSpear,Clearance Crye Precision HalfJak Insulated 1.0",,,"Woobie™ Quarter Zip - ACM™ Warm 600 - FirstSpear, Clearance Crye Precision HalfJak Insulated 1.0","Social media image from www.first-spear.com on 2023-04-28 at 7.01.00 PM.jpeg (https://v5.airtableusercontent.com/v3/u/27/27/1712066400000/YL2dcIMOQbvzcUrpnuk8AA/s1VTlfVpA1tDmyO95vrJjPjzdwMcPQcbqZbCgIogAYORdxI9cpBFKQzhXBEGbnWtvVdkq9g-veioK4qpkZHOYETh07ykELqS2OHfFwxbRR5OP1EhAuh4QL_jwpEeVXcDh66kX9QF9pC9Dw4LE-UK8kvenh0mbfFnF1BJdS0fQsWGsvocrLuPBBaXzOs8IUdbRvY5seZ49A6A8BOwoVisLA/3hU5gjWtQKhEDOoAp5eGwKX6KxBBIsqZQJ9w9KPY1Qo),Image from www.optactical.com on 2023-04-28 at 7.02.09 PM.png (https://v5.airtableusercontent.com/v3/u/27/27/1712066400000/BLV4PiF_-yFA7NxaXMUnrQ/HnPBmzP3Cj7pFwfpgDjZ0y9n4fB9a4cGZu5G0vys0ISnZR7jg5H0iLKtifAHRqoQi31P2_yiy9zo39vSwzOdDWy48d6EWwzHeZrHWxigduItofGCPwJS83LUfU2EcXqdXLmWYnsHZcwRNAdwqCXX4usc4KFQoPjTN9IxTopCnHUPHPZUgCHq3yAVKge4qYht6Kw5ndrGubNUedIkjEfaGg/U7aNse4mKA2YwWcasTpuqqXl6dZMgv3R6q804eXOjY0)","https://www.first-spear.com/woobie-quarter-zip---acm-warm-600/, https://www.optactical.com/crprhain.html",,,Admin,
15,Battlefront x-8 night snipper,$11871.13,https://www.youtube.com/watch?v=IogKdCEvbY0,,Lewis Machine and Tool m203 Grenade Launcher,"Glock Mobster (Nick's - Banish variant),Glock Mobster (Nick's - Wolfman Variant),Glock Mobster Jr.",,,,"Rock Slide G20 Gen 3 Upper | Rock Slide USA,POLYMER80 PF45 80% FULL SIZE PISTOL TEXTURED FRAME KIT FOR GLOCK 20/21 – BLACK – 80-lower Shop,ETS 10mm 30-Round Extended Magazine for Glock 20 Pistols,Recover Tactical® 20/21 Stabilizer Kit for 10mm/45ACP Glocks,Recover Tactical Brace Upper Rail – Compatible w/ All Recover Stabilizers - Recover Tactical Brace Upper Rail – Compatible w/ All Recover Stabilizers,BROWNELLS MATCH GRADE BARRELS FOR GLOCK® 20 | Brownells,""ProMag 10mm 50-Round Drum Magazine for Glock 20, 29, 40 Pistols"",""Wheaton Arms Pro-Carry Trigger, Gold & Black Finish Fits Glock 20, 21, 29, 30, 40, 41"",GLOCK 20/21 Frame Parts Kit OEM New | granger-tactical,Green Guide Rod Laser for Glock,BANISH 45 – Silencer Central,MC21 MAGAZINE CLIP BASE SETS x 2 FOR THE GLOCK 21 - MC21 MAGAZINE CLIP BASE SETS x 2 FOR THE GLOCK 21,Sightmark Wraith 4K Mini 2-16x32 Digital Riflescope – Outdoor Legacy,STRIBOG SP10 - GRAND POWER Ltd,Rock Slide G20 Gen 3 Upper | Rock Slide USA,POLYMER80 PF45 80% FULL SIZE PISTOL TEXTURED FRAME KIT FOR GLOCK 20/21 – BLACK – 80-lower Shop,ETS 10mm 30-Round Extended Magazine for Glock 20 Pistols,Recover Tactical® 20/21 Stabilizer Kit for 10mm/45ACP Glocks,P-Series Pistons | Dead Air Silencers,""Dead Air Piston, 9/16x24 (P-Series) - DA DA403 - Black Ankle Munitions"",Dead Air Booster Assembly (P-Series) - DA SD500 - Black Ankle Munitions,Recover Tactical Brace Upper Rail – Compatible w/ All Recover Stabilizers - Recover Tactical Brace Upper Rail – Compatible w/ All Recover Stabilizers,BROWNELLS MATCH GRADE BARRELS FOR GLOCK® 20 | Brownells,""ProMag 10mm 50-Round Drum Magazine for Glock 20, 29, 40 Pistols"",""Wheaton Arms Pro-Carry Trigger, Gold & Black Finish Fits Glock 20, 21, 29, 30, 40, 41"",GLOCK 20/21 Frame Parts Kit OEM New | granger-tactical,Green Guide Rod Laser for Glock,Dead Air - Wolfman,Raider 1x Micro Prism | High Performance Tactical Optics for Home Defense,BANISH 45 – Silencer Central,G-Flex Binary Trigger for Glock,G--173 Franklin Armory Binary Trigger - Glock 17 Gen 3",,Private,"Glock Mobster (Nick's - Banish variant), Glock Mobster (Nick's - Wolfman Variant), Glock Mobster Jr."
16,Airsoft - Kreuzotter Kombo,$542.97,,"3D Ghillie Boonie Gen2 - Novritsch | USA,Hot Weather Boonie - Novritsch | USA,ASU Combat Shirt - Novritsch | USA,ASU Combat Pants - Novritsch | USA,ASU Field Shirt - Novritsch | USA,Assault Ghillie Bundle - Novritsch | USA,NOVRITSCH Suppressor – 3D Camo Cover - Novritsch | USA,3D Ghillie Suit – Hood - Novritsch | USA,3D Ghillie – Shoulder Piece - Novritsch | USA,1-4x Variable Scope - 3D Camo Cover - Novritsch | USA",,,"3D Ghillie Boonie Gen2 - Novritsch | USA, Hot Weather Boonie - Novritsch | USA, ASU Combat Shirt - Novritsch | USA, ASU Combat Pants - Novritsch | USA, ASU Field Shirt - Novritsch | USA, Assault Ghillie Bundle - Novritsch | USA, NOVRITSCH Suppressor – 3D Camo Cover - Novritsch | USA, 3D Ghillie Suit – Hood - Novritsch | USA, 3D Ghillie – Shoulder Piece - Novritsch | USA, 1-4x Variable Scope - 3D Camo Cover - Novritsch | USA","Social media image from us.novritsch.com on 2023-03-07 at 9.57.24 PM.jpeg (https://v5.airtableusercontent.com/v3/u/27/27/1712066400000/ExQt3r_uXbK6eraba-Au0g/b9dgKyp7JUxrjsK5X_rNChhtvJwgukHg0a6yq1ChVIQUnG3Ssd3XTV0743KAPW4zVQI5FojgjVfyYDzeL8AIx2Nm7eEljbhHeDsuWXJ95wVnjyYePEZZRX1dms1i8o2fRWTHhoz0JzPFW1O4rxSabyUvVaX0aBNYuQS1ZVWCGGpI__0DN_MsuY97VkNbUM6LhYRL7_NeM0C8Qf_6qNC1cw/aCnhTZYz7H8tVLaChVJP25I4d5dpwK8nS3ySPVmKgQ8),Social media image from us.novritsch.com on 2023-06-18 at 12.21.19 AM.jpeg (https://v5.airtableusercontent.com/v3/u/27/27/1712066400000/bB4dNTCCSNtlqXd0-bK9Yw/QUtWbizhqF05slqCYrkLqUQy0VVf3vdA-o81rjFW_KCu09I8u9CiEecOlH99ysfFm6spF9SIl_ZAXz-W_fbG5fpXgMsMV3HQXhz-CZscnsm7fkJCu1XFXlUaCpkco5xmz8WbVg4gwGlog4BkoKiLbyfCiqo-nHGlM2Ff3jqgnBYhvpHL2IiJGTi2SrC2s_wLkKFicGNwf0Va1zM9K9yn7A/oGZGXkh0d39LkqTYOIrOVBWiYQ2h8tojIhoU6mEypTo),Social media image from us.novritsch.com on 2023-06-18 at 12.42.58 AM.png (https://v5.airtableusercontent.com/v3/u/27/27/1712066400000/Ofebt7wif1-mv1FHp0Yppw/iw4-e1boXrh5TSkaHngf5LYlSioQ-UI3L6Ib4m7tjykm3JWevREsDdjtekcLKr6cuwOUxgrbm6GqsPos1dSFFJ9AznbzssvyW34Vd0keB8sbXWaTVryten1uiPwB_Oqs1MQ9JVwZDAfIeyMEub_dHcOEc0lnUBR4a9IVl8ffvCMZKL-11_X-FAnx4LnssSt785ysK4tvncfDT_IiFFw2zg/N7GXrbuYJF9WcCLLbs3_AUoFVcMYAefKQuP0moaxf7E),Social media image from us.novritsch.com on 2023-06-18 at 12.22.30 AM.png (https://v5.airtableusercontent.com/v3/u/27/27/1712066400000/v-Ohcch749tjnTaZD2j8bQ/UiDiASIiy7QqVfjm2hBIAtXGE_XzyQyLSu0ChCsWD3cYvVFEiZraxVDVkAtBY7aPrEl3AOhkN_0LH5_9PC9XRfrbutaPJbx45HhRZjxK723hCCu8rwKBs5wwX1iS9y0PuEzEM4YF3WXJxW9FdW-pPD4qBrsLH7JnccINMT5-HJoVb4BXJYJdf0siZtZzspHNE55NvmdZKHFZAnubTgQ1Pg/k8DxwP50feitQYQYKg-fvkpKJUMWqYztEBhrUkpT8lo),Social media image from us.novritsch.com on 2023-06-18 at 12.20.06 AM.png (https://v5.airtableusercontent.com/v3/u/27/27/1712066400000/b3Ld5f4ouRD7Wbx2Njzk7g/6EFz6iaQiwpTnGeQWgzdbhtc49yLpzTzL9drwZ-9fGwGLKd4Gb9liwJmi3ubC9kQw431IvNwd1zzoLcQ-N87n46bUis_5uWbiWkHzSXFbTQnc3mcnSz8iLwrvdXyp7CO8iJYSH5iFEGPTMey3SK9U_b4AGINLLiCGAMQKkHlXQ1HuhFfdTbNolA0AQl_7DCSizvmyXIWhPe_RCFJX_lgPg/SrYFQVrRHetIubGPjB9Z_eNy_yXYmo55NYT2H_h-ReI),Social media image from us.novritsch.com on 2023-03-28 at 2.11.00 PM.jpeg (https://v5.airtableusercontent.com/v3/u/27/27/1712066400000/ZgmESq5_lz49KoDz1UFntA/eYWZc-pcVrEJ0lqbmM2uyyR5rvrR_R9WjcZqyXdKzhjABV4P7D3QtF8t5CfHsZdkeLy_XwoiSXXw_3qaDT4GYG1dPGMTtXuKBv41vZ6HLZR5SwXCIsLaASumUFt_FerSoIcXtQ1Dbk-17TUCYqmVja6SywQyYhGJXxczcRnB7VjEAMx8pUeVEnKS2U7caSNTuvv7tpIHSHjkuQtoKm1ZdA/0fpScDjU8L7_-PsJMTZzNr4aGFasLS1xZOUDI8HFvZY),Social media image from us.novritsch.com on 2023-06-18 at 12.27.50 AM.jpeg (https://v5.airtableusercontent.com/v3/u/27/27/1712066400000/NkX0sbe1PfZa1GncVX2isA/5QzXKYvzaH_ko7k6UyVNiF8WQECLOUvRMD0vADIm9NzOBnjQ55Jh8g33GQS2axsB0YPQPAJyiGGHGJSRrCzDNUWKZ5dr72cmae1IRCBUjGvyx871J75X6JesjCZE0sZtJ8zJikQB0n9WeVg9QivUz8QfLTs0yy3JVhz1RJKEFVQZKt9y3peeLFldrGfO06QtJjHN6crMeHUtYED2oapp_w/4ZEQv6DJSWU0IdZa63-iGvWZki3y8n33wPxBzUYRgFw),Social media image from us.novritsch.com on 2023-06-18 at 12.26.27 AM.jpeg (https://v5.airtableusercontent.com/v3/u/27/27/1712066400000/bvL6Rl8N9i3O9pGZpADo7Q/l2lYpOFbwNHKYaWt56yuGL3R93sIR1ZVD6CKh8UfADNwTq-C0xjgxKn6s85o1QWb7z3fagRvz5O8qgUq7dr6PsPj1ojwsVFB47djTdTEYhOCvtAc5oh5R4K0s1WxOJMB-3Lblbe4cYPTYDyzIs2qTm_7_pcJ2jg3AzLt56qAFH3xdP6UmgRMaK7l_LNpCJf_W8rbKjtM57ihPIgRqPLXow/McZ9sYWIU1ZhLYql4mjJ2dVk9sLvNGIamiBq5PwapUA),Social media image from us.novritsch.com on 2023-03-05 at 2.04.19 AM.jpeg (https://v5.airtableusercontent.com/v3/u/27/27/1712066400000/IxZ4wI0-y95xX4byyFRjng/xHeXAbRr8zeOgaMDg0I579KqetBHU8nJF5f_LlIHXOwGna0WfT1P69ttt7C7Dvz0GFNBtS6vBu9ETfb8N0KmTXM45A0e0d_UVFZhIWedGquEnJ7OJ3khev0pw3ei9woi6X5Bp1fMrgYo1jeOiE3-we7rxb5P_9seqdhat0V1pQoxAvPMtIIk1a1fV_A-NlpYI5HZOofZnSYueO1Gj-hilA/NwlMjstuRz64LbYEP6bDX5r02K1PKVrfysWRlnsyGho),Social media image from us.novritsch.com on 2023-06-18 at 12.30.05 AM.jpeg (https://v5.airtableusercontent.com/v3/u/27/27/1712066400000/qtG5XEjnQIOL30bmHt6lgA/Z1671se2jdHiUeOJX9i4SrWDIJq7Ew2xp7hjzKDE6Suv1F7PKquIejE9Z0G6kezuWFEeEOtG4bMSqVwXz_O-hNWUtEtdfOHz4hZ8btecMYCyCsOHedzXgJbDCYMaybrcjiZlEyqFNDuxryO0IQO9O9HckFDotkU3gsFFmvyWTkC2y8aels5-makcgFvNiDOl2UGqHDCc0mSpTtZhK3mmdw/jNFET5wf8MfVqcSpvTjCnfFuWUjm0cYhSA5lBkYF2i0)","https://us.novritsch.com/product/3d-ghillie-boonie-gen2/, https://us.novritsch.com/product/hot-weather-boonie/, https://us.novritsch.com/product/asu-combat-shirt/, https://us.novritsch.com/product/asu-combat-pants/, https://us.novritsch.com/product/asu-field-jacket/, https://us.novritsch.com/product/assault-ghillie-bundle/, https://us.novritsch.com/product/novritsch-suppressor-3d-camo-cover/, https://us.novritsch.com/product/3d-ghillie-suit-hood/, https://us.novritsch.com/product/3d-ghillie-suit-gen2/, https://us.novritsch.com/product/1-4x-variable-scope-3d-camo-cover/",,,Private,
17,Forest Freedomer,$0.00,,,,,,,,,,,
18,Glock Mobster,$2395.84,,,,Glock Mobster (Nick's - Wolfman Variant),,,,"Rock Slide G20 Gen 3 Upper | Rock Slide USA,POLYMER80 PF45 80% FULL SIZE PISTOL TEXTURED FRAME KIT FOR GLOCK 20/21 – BLACK – 80-lower Shop,ETS 10mm 30-Round Extended Magazine for Glock 20 Pistols,Recover Tactical® 20/21 Stabilizer Kit for 10mm/45ACP Glocks,P-Series Pistons | Dead Air Silencers,""Dead Air Piston, 9/16x24 (P-Series) - DA DA403 - Black Ankle Munitions"",Dead Air Booster Assembly (P-Series) - DA SD500 - Black Ankle Munitions,Recover Tactical Brace Upper Rail – Compatible w/ All Recover Stabilizers - Recover Tactical Brace Upper Rail – Compatible w/ All Recover Stabilizers,BROWNELLS MATCH GRADE BARRELS FOR GLOCK® 20 | Brownells,""ProMag 10mm 50-Round Drum Magazine for Glock 20, 29, 40 Pistols"",""Wheaton Arms Pro-Carry Trigger, Gold & Black Finish Fits Glock 20, 21, 29, 30, 40, 41"",GLOCK 20/21 Frame Parts Kit OEM New | granger-tactical,Green Guide Rod Laser for Glock,Dead Air - Wolfman,Raider 1x Micro Prism | High Performance Tactical Optics for Home Defense",,,Glock Mobster (Nick's - Wolfman Variant)