Name,Caliber,Image,Grain,MuzzleVelocity,MBPR-Torso,Force,Wound,BallisticCoefficient,Diameter,Found,Price_Per_Round,GelTest,Notes,Manufacturers,Zeroes
224 Valkyrie 60 Grain V-Max Varmint Express 20 Rounds By Hornady,.224 Valkyrie,,60.0,3300.0,439.0,1450.59,338.24,0.265,0.2240,https://www.midsouthshooterssupply.com/item/0000381531/224-valkyrie-60-grain-v-max-varmint-express-20-rounds,$1.500,,,,10
Controlled Chaos Valkyrie .224 - Underwood Ammo,.224 Valkyrie,,72.0,3100.0,435.0,1536.11,457.54,0.356,0.2240,https://www.underwoodammo.com/224-valkyrie-72-grain-controlled-chaos.html,$2.549,https://www.youtube.com/watch?v=6bgY-sOLRZ0&t=239s&ab_channel=AP2020Outdoors,,Underwood Ammo,1
224 Valkyrie 72gr. Controlled Chaos® Solid Monolithic Hunting & Self Defense Ammo,.224 Valkyrie,Social media image from underwoodammo.com on 2023-01-19 at 1.49.48 AM.jpeg (https://v5.airtableusercontent.com/v3/u/27/27/1712059200000/kU115f_cxheeQ9fGJUDNHQ/eEAJS6REySajz8NOTKd-CXhjzdZj5YOiOh6AJ0UAmR2zxMvOgeK5kfjUnZGiX2AHa2ocmEUZ9gTGUoGXqAtZF3s9aStrsLTH72SUdfD5sEESbnMT9RqArgoqDfaahgP-3UqesM1TU9kRI3FuvjDRM5V3ERV4D6CieCfAIyRPpl-6ty3lVHYYAFrwaGNCsTfSaOIZdu6PaCoGrp6GoplZew/XfHju3FiA7jFbZIEWjf53Lv7p00yg90rZKc33tzVwdw),72.0,3100.0,,1536.11,#ERROR!,0.356,,https://underwoodammo.com/224-valkyrie-72-grain-controlled-chaos/,,,,,
Hornady BHTP - 224 Valkyrie Black,.224 Valkyrie,,60.0,3000.0,438.0,1198.84,307.49,0.395,0.2240,https://www.rogerssportinggoods.com/hornady-black-rifle-ammunition-224-valkyrie-75-grain-81532,$1.850,,,,11
Federal Premium GOLD MEDAL BERGER .224 Valkyrie 80.5 grain Berger Boat Tail Target Centerfire Rifle Ammunition | Free Shipping over $49!,.224 Valkyrie,,80.5,2925.0,436.0,1529.02,539.66,0.441,0.2240,https://www.opticsplanet.com/federal-premium-gold-medal-224-valkyrie-80-5gr-berger-bt-target-rifle-ammo-20-ro.html,$2.575,,,Federal,8
Federal Premium SIERRA MATCHKING BTHP .224 Valkyrie 90 grain Sierra MatchKing Boat Tail Hollow Point Centerfire Rifle Ammunition | Free Shipping over $49!,.224 Valkyrie,,90.0,2700.0,419.0,1456.59,622.67,0.563,0.2240,https://www.opticsplanet.com/federal-premium-gold-medal-224-valkyrie-90gr-sierra-matchking-bthp-rifle-ammo-20.html,$2.475,,,Federal,2
500Rds of Hornady Match Ammunition 224 Valkyrie 88 Grain ELD Match,.224 Valkyrie,Social media image from www.bulkammunitionshop.com on 2022-11-26 at 3.40.22 AM.jpeg (https://v5.airtableusercontent.com/v3/u/27/27/1712059200000/S9_16iHom5UqOSoDuWCh4A/GZfTyy4n_Rv7cEXP3syQCDHByB0LyRbDAPAl8_qmDuLyvJWH1W3_nKQ0G3WGr1HrITMWyVKSD402qeUNqubHk1wI6UbboFBwmEKIS7bH-oe-zNK44vVPKw8nt8B68FBODv6lplUfiCpUbvSlYkCTe-JX3XAuA7Okfo_BFHpFlTlVhCew81AMNFdeFKqXjQQs4CV1XKvfffLBZbIN96gv9LHYdcpJI781BTT3VIc4uoQ/hZtLC9HanW3o_qShtAdFJCAuWj4ERXN80UDw7FNXrWY),88.0,2700.0,417.0,1424.22,595.30,0.545,0.2240,https://www.bulkammunitionshop.com/product/500rds-of-hornady-match-ammunition-224-valkyrie-88-grain-eld-match/,$0.711,,,,43
Federal American Eagle XM193 5.56 NATO 55 gr FMJ – MOA Customs,5.56 NATO,Social media image from moacustoms.com on 2023-02-14 at 9.05.30 PM.jpeg (https://v5.airtableusercontent.com/v3/u/27/27/1712059200000/chc1fIcRlx1BrCrO94SzKQ/wfP5tZANNu9RtDk3hiD4POABfmSZFtLTXBj3L9W89WuqVu4RpsOZzMFjiOtb_NTXiPiTQ_gQEf26ygXrKnMQduGTXFAaE3tPd6ZqJCH8T5sGQv2aepudsN7h1NVw6QplMSpcZ_I4vIKPCUxVfXlebo5qVvJboRoLzvFScLHw9snlixgPic7n2gdbRZKzSda3jqpxvQV62ETnKM6_srvstg/HnH76Pmz0rUiVdfpULcqYLPuCzxrg7xuGZ2EyLyAYQQ),55.0,3165.0,415.0,1223.14,272.59,0.246,0.2240,https://moacustoms.com/product/federal-american-eagle-xm193-5-56-nato-55-gr-fmj/,$0.440,,,,56
PMC - 5.56x45mm NATO Ammunition X-TAC M855 62 Grain Green Tip Steel Core,5.56 NATO,Image from www.bestowtraininggroup.com on 2022-11-25 at 10.19.55 PM.jpeg (https://v5.airtableusercontent.com/v3/u/27/27/1712059200000/1ad3m7zGk8QRsSXK22C2Rg/gaeDh2Cr2JeFiYXPSSBjjUrSbBW10YGUIPub7obBjqMUsUE0YTy4ODutkn03TNawv3mYSnBhL6oCKZ1gVgxg8FfOVSkYdQJnjFxQ2N7VcZXiS0Jw3NLZvOCB4LiKXuhSWPNY1-KbYgl5tdejaitlpDB9Y5dJx5sjP-KQrVwYhrDHv7lD9kJ8aR2SAfVyTC2Ub9hamzRBlPCgS2XSEXFTCA/-RsLV-PLUInCb42_zQPqhnGdNgF1-dlqOSSWfjAntD0),62.0,3100.0,429.0,1322.76,#ERROR!,0.304,,https://proarmory.com/shop/pmc-x-tac-5-56x45mm-nato-m855-62-grain-green-tip-10-box-limit/?attribute_pa_seletion=200-rounds-10-boxes-of-20,$0.335,,,,23
M855 Green Tip 62gr,5.56 NATO,Social media image from www.rogerssportinggoods.com on 2022-11-18 at 4.07.09 AM.jpeg (https://v5.airtableusercontent.com/v3/u/27/27/1712059200000/umqBBnYpjAJnIh6kej4VNA/ZQDd7-0eafLkXjTgjkrvNpCIOy-gWSjZif7uKkKxSzIldjer7GNWLIu5yaackZelZwogJl5tP-kkDoR1PgRICVPZG1a4WiFN-kw3AM8kJVoBtu7z1rT3OoTUSDp5a0h7wygEgu0aTGlWTEzFfiwFpRRb-PZuLwfoYDiCfXnljeR8A7EG-CYyIKuzqHoW9fAOkU1JNTDFDlCqScEawIi8QCa89I9Zd-aw3ZI13-b4vGc/6V4PaTWo-m4iamkcpnGozS0dvT_5Cd97xsRbwfH59Wc),62.6,3060.0,403.0,1301.32,341.41,0.243,0.2240,https://www.rogerssportinggoods.com/winchester-556-150-round-case,$0.867,,,,16
IMI Ammo 5.56x45mm NATO 62 Grain M855 SS109 Penetrator Full Metal,5.56 NATO,Social media image from www.midwayusa.com on 2023-01-24 at 8.07.44 AM.jpeg (https://v5.airtableusercontent.com/v3/u/27/27/1712059200000/RzQEXnEAFq-zAR5fAdMQwg/DmzEsTvBCoZJXiuoJQ-OjN7g3DvGT_A0vXrvpEtV4YZz-8fEVZnKZptMErYaSKRhDE9ccyVfwI1pkwkGt2thlaIYiNVCs0ZB36-zvEK7DruCiqbhd6uJcivMTEUTEGZwEgcBe2biOmptv-sVgGfuyYhCYUqUELhEwEXdlz2qSzeX0AenfgHvEQ6ZK_mqmXg7UsIJYQHzfHGiegyPsGW8Tg/1V1aAKtBtTdGzAxxVj5FeGJJTSp9A_YDlb9xdQKctMw),62.0,3020.0,,1255.37,#ERROR!,0.307,,https://www.midwayusa.com/product/2090460512,,,,,
M855A1 (Army Standard from Lake City),5.56 NATO,,62.6,2949.0,407.0,1208.62,331.98,0.291,0.2230,https://www.snipershide.com/shooting/threads/m855a1-accuracy-and-velocity.7129146/,,https://www.youtube.com/watch?v=d8IvDPuVuho,"Frags better than green tip, allegedly.",,21
"5.56 NATO 75 gr BTHP Superformance® Match™ - Hornady Manufacturing, Inc",5.56 NATO,Social media image from www.hornady.com on 2022-11-18 at 3.20.15 AM.jpeg (https://v5.airtableusercontent.com/v3/u/27/27/1712059200000/9Jq5F3-W0bEMJdh1vU1Zng/NtIcoyO15rN5x7Qt0Hg0WrcOCHyh5xd4uIcY0X1n1_K-z4FbqnRWDkN9djT4FMMbvjyBc5q1mfs6nQlyecS-_fqIc41MD97ZyFguxcZ8wynuNvPrsaVhr8Nxx_GmWK4ZyTFhwwp9e-mUic2imaV6id9BIHFJS17Pk-1DCKaj5P4ba2vuoXTJgrvEqAFKIq22TD9HioHBavHcbiGKSm_LiA/v28cC8n7UXcUPl5o1i8gRGjBfRqedrMRcmEFoOz5oNM),75.0,2910.0,426.0,1409.98,#ERROR!,0.395,,https://www.hornady.com/ammunition/rifle/5-56-nato-75-gr-bthp-superformance-match#!/,$1.400,,https://www.midwayusa.com/product/1001911070,Hornady,15
Black Hills Ammo 5.56x45mm NATO 77 Grain Sierra Tipped MatchKing (TMK),5.56 NATO,Social media image from www.midwayusa.com on 2022-11-25 at 11.19.58 PM.jpeg (https://v5.airtableusercontent.com/v3/u/27/27/1712059200000/au66mse2gvgmwjfh2eudrA/k2dEBD9FPrhPRUGV2rxFZiNSFRNiMU78FE5zrfTJxf-Ig_emA54HFsjwwDRp2rQ4TXcYA7uG1AROccdnVcpGeOYL5_bUIRIiuAkei9MB2XDnkYMRPExrHv92z8-AvxifCgBZLAkx7AAL9iWMREigmHAWjYFWfbuERqIoLYEx-SJPFfytGgl-mnd0fa5NDLiWkhor8HBHWzW5tbT4kmko3w/GcdECTcQemLJFgy8cRzUJyD_Mjm-PBJoJTZ-2JNcQ08),77.0,2750.0,409.0,1292.77,#ERROR!,0.420,,https://www.midwayusa.com/product/1017628583,$1.800,,,,25
Bulk 5.56x45 Ammo For Sale - 77 Grain OTM MK262 Mod 1-C Ammunition in Stock by Black Hills - 500 Rounds,5.56 NATO,Social media image from www.luckygunner.com on 2022-11-25 at 11.07.18 PM.jpeg (https://v5.airtableusercontent.com/v3/u/27/27/1712059200000/MgmNAxRBMGYpuVQXlulxtA/UrLixcaitlXqmWyJTNA8HSh_uR3jldVMmkcv_qvqu67PAPxZ0EmHImDpUwo5M097QeYvnmBL4otYSTn-oP5aIsbCpXF5OLM7tFb1TdhXPT7p8rZYiAtki6f0602D6rfQgD4nvWa_lLQzUtwqlGDsm1rh3akdz35EgzQjA0C4hBtX43fzrQpAKLAaHYUGJRyJi6hFNZLz-bROEUo6KoF1ow/QxNanADkM0IVbmbVY4X5XCInvnoKE1-yB7IhaYj9aDI),77.0,2750.0,393.0,1292.77,#ERROR!,0.373,,https://www.luckygunner.com/5-56-black-hills-77-grain-sierra-open-tip-match-500-rounds#info,,,,,24
"MK 262 MOD 1-C, MIL PACK | Product categories | Black Hills Ammunition",5.56 NATO,,77.0,2750.0,,1292.77,#ERROR!,0.373,,http://www.black-hills.com/product-category/mk-262-mod-1-c-mil-pack/,,,,,
Precision Match - Barnes Bullets - 5.56 NATO,5.56 NATO,Social media image from www.barnesbullets.com on 2023-04-26 at 11.23.58 PM.png (https://v5.airtableusercontent.com/v3/u/27/27/1712059200000/aCM8SYXbB43QHIJBpb1uiw/2LTgBFWxd_RabOLZjC9UpYs1dcpxltuIfE5U4PtSMyFP7cqJ9HzekpuwurPXo7yIc7ZtugkQGh5a2XQCp0RIOLK5tYqvA2JhyclkQPxET8hSrzGBuls05auFJot6E2X-QhvdwFosHGF7wwx8fdjMTgoWC0y1iRwlaNKEMzBeqs9CVWmthlvWpchVZbXxLD-bEsF629XQoiHXu02-QGdF_TIddzcSaIhHNOYWJeS7D-M/7Yn7kKBUJjkYFEqL5AVMuY0tdf98nm9gyhSToTewQFw),85.0,2600.0,386.0,1275.65,#ERROR!,0.403,,https://www.barnesbullets.com/product/precision-match/,,,,,63
Federal American Eagle XM193 5.56 NATO 55 gr FMJ – MOA Customs,5.56 NATO,Social media image from moacustoms.com on 2023-02-14 at 10.09.53 PM.jpeg (https://v5.airtableusercontent.com/v3/u/27/27/1712059200000/_RJfDnINkIwR4b_rIrIAwQ/dyTSCD0yxKeLElgNdP_B28h_rUA6bUtr1SNQ-3GPnZ3akhNrT3M429CB2o6SwZv3pb4SMxztQS2_cgbZANnaDtEES4E4p8knGVDsrR6-wuwAB2GMIERaRwBeyZIIvppKe4tdhvQ91CBLzkTIgXn8XnEB5zazJeN4qZHnKiadskgM8qQg9E_kjE1Abc7hLAdbvZXPLMZ0S3SxvhQ8LyCtJQ/MHGyhYMF1-9J-LnuUQSItD5z58OnoA7HUFy-R7OBe70),55.0,1223.0,,182.63,#ERROR!,0.246,,https://moacustoms.com/product/federal-american-eagle-xm193-5-56-nato-55-gr-fmj/,,,,,
M855A1 For Sale | Where To Buy M855A1 Ammo | Buy M855A1,5.56 NATO,Social media image from ammunitioncamp.com on 2023-02-15 at 4.01.01 PM.jpeg (https://v5.airtableusercontent.com/v3/u/27/27/1712059200000/OycBTLARlqRnx8WFlNZEBg/XOeiFkKNOBS_avSKdea3MWJk3VHSTl1vFlNt8W0k0XGJxtm2t_QfqDK7Ubcv35R592XfRANbEPp5R3Z1aE0FLR95Duydz2-CwWWWHfcPX3-2R2RX-6betJst1rcOvIv_lwZdrb4XClVpDlhUZSuA4xtG6Vh9oKWzCGg031SjKKGXzIkrJNRyUe74a2FZFzd-PWQE3I8jQmrpVEFZYZWWPQ/mNUN_aQi0JYJy0tXKJmE7LYUkGPQpNmq87UTx_jia9U),,,,#ERROR!,#ERROR!,,,https://ammunitioncamp.com/product/m855a1-for-sale/,,,,,
Precision Match - Barnes Bullets,300 Blackout,Social media image from www.barnesbullets.com on 2023-04-26 at 11.30.36 PM.png (https://v5.airtableusercontent.com/v3/u/27/27/1712059200000/NwWmgiUZOnedSdbgvEtW3Q/rH-tWYaZfHEAJl53jMMMbJfQU9t81xKCIWMKmyDbiLRl7zS7V94CAnH_7E-8I06OQtceB8PkZGPEQMFX1bGIEdD-4Xdgncx1m4MvJvFi3Mk4tcu64vt1Z0KA31hICoWzIgOo0b2zwTVgW4jNu5oBg1gbB2bGreDnG-6MIOMIr6ao0PJENWd1XwJJscc3-9JuK825SKKTncAuwjhjGPbu6i1vVppdYJdZk-DHmakEbkg/p0HFxE21tcbRpZYuZWqR4ed-jWxFC8YIQ7S1Twd7DoU),85.0,2600.0,,1275.65,#ERROR!,0.403,,https://www.barnesbullets.com/product/precision-match/,,,,,
300BLK - Lehigh 115gr Controlled Chaos-703003-1,300 Blackout,Social media image from saltriverimports.com on 2023-07-05 at 3.21.17 AM.jpeg (https://v5.airtableusercontent.com/v3/u/27/27/1712059200000/b4fZCl0jLYVnJjD7QSvffw/ipmfBoSANMQw27HWJAG_zAiAaPqXKFbfOBQu6AgUVsZnEhWbDiisnQAHD3Dr1ILB3LT6u6O4ll5981WOULgkwx_yEvXlowGmufvROCZPcuCWgNTrbZfncLWluwD4RV7WwHnBN_LYotxUjQtyvzfijRgCI_vAFFOkIr5X5QsKsVxabFu8PDHtIMyEADuXBbCBuK4kSbplS4Eeq6qr2RP1Gg/Cvncl3iKZZBgiEu5J9zatC1--C3tssG-4zDD7G07BoI),115.0,2425.0,341.0,1501.37,#ERROR!,0.284,,https://saltriverimports.com/300BLK--Lehigh-115gr-Controlled-Chaos_p_69.html?view_adult=true,$1.100,,,,67
Controlled Chaos 300 Blackout,300 Blackout,,115.0,2360.0,333.0,1421.96,470.01,0.284,0.3080,https://www.midwayusa.com/product/1025554815,$2.670,https://youtu.be/JrEmQNe-TrA?t=438,,Underwood Ammo,34
Underwood Ammo 300 BLK (Generic Grey Box),300 Blackout,,115.0,2360.0,,1421.96,#ERROR!,-1.000,,,,,https://ammo.com/ballistics/300-blackout-ballistics,Underwood Ammo,
Barnes Vor-Tx 300 AAC Blackout 110gr TAC-TX - Spotted Dog Sporting Goods,300 Blackout,Social media image from www.spotteddogsportinggoods.com on 2022-11-25 at 7.40.44 PM.jpeg (https://v5.airtableusercontent.com/v3/u/27/27/1712059200000/_RVAoOHt-27eLwpH5F_BSw/eMIR6AH83_fWwBKbUs39Tr4JXzuejY8xJ3WfNYXnS3lSH-CVflrghAW2QSsd0Vz0K-vXG1X5i1MjdfIZCOISj_VAC_dYJ99Yu3C0YE5yDmDTOkHZ3gStR5S5gtYFgxLimtsKScZhw9-whq0FmMt7Ci1-yJXF_U_PH38M8cLn8mdxWBf2nP7DR3kddourx-NxSkfbrtdaCL_pT146IzlDfzRVoIDpvlEu7a38CYzsXUo/lL1c4KwN1ouh6pwNvh3uauCvk0BFZS9SZDTW9LT8zmY),110.0,2350.0,329.0,1348.63,#ERROR!,0.300,,https://www.spotteddogsportinggoods.com/barnes-vor-tx-300-aac-110-grain-tac-tx.html,$2.000,,super,,20
Barnes VOR-TX Ammo 300 AAC Blackout 110 Grain TAC-TX Polymer Tipped,300 Blackout,Social media image from www.midwayusa.com on 2022-12-09 at 7.11.09 PM.jpeg (https://v5.airtableusercontent.com/v3/u/27/27/1712059200000/uIqrB5QeMbBG-QRRM5YWYQ/5t-cO82i4Fs6Qpba2Iq4jS2ij0gsl53QJN9YPcf-Aa642iwETbxGZ1bghPCLZQEOvn2_UhaWoeOKCi7wxvQIZYMkFbqB7yhB5MgST1UWRky4YYzHBjOpAlzo5WkBJdRac4zW9QHI5u_kjHahX1j2moyEMO5byJhdOq5B2CJ0w8IV0X5FIhkePYdjOMh-HpS566ik8opMShV-2OVOc32zBA/X5Yp2Vk8KZ-xqGHDEwS-QzW4S5gCIiDUeJ9DxPcX01o),110.0,2350.0,328.0,1348.63,#ERROR!,0.295,,https://www.midwayusa.com/product/1001895644,$1.500,,,Barnes,44
Barnes Vor-Tx .300 AAC Blackout 110gr TAC-TX FB Rifle Cartridges - 20 Rounds | Free Shipping over $49!,300 Blackout,,110.0,2350.0,326.0,1348.63,#ERROR!,0.289,,https://www.opticsplanet.com/barnes-vor-tx-300-aac-blackout-110gr-tac-tx-fb-rifle-cartridges-20-rounds.html,$1.710,,,Barnes,12
"Gorilla Ammunition .300 BlackOut 115gr, Controlled Chaos, Pig Punisher - 20 Round Box | Gorilla Ammunition",300 Blackout,Social media image from www.gorillaammo.com on 2023-04-26 at 12.50.49 PM.jpeg (https://v5.airtableusercontent.com/v3/u/27/27/1712059200000/AMOjChzrXv2A_nL412nnug/E5a8DZd4kgAJ_ecIa9D_6Y_vv_C2iQGsVj2mrah-x31FQVXyo8W6aLHm26KgFvCQLaxLhX_tjrMGLR2TJQWt2OmTVT-eaoXsXGH52Wq8WBoM1WJCSOcOYzmBNV8DMCrTe79P44S5-_a_TXpKcormO8pDvnAIrAstWILTIif0U4CvhlVVwuRC5UXnDu-ggpZYl9e72pYQJnlBwwPhCZbMZw/VtD_bRvabkS8QfqpfK0MZOnz3JiSPbK19efZ1ZhRwA4),115.0,2310.0,327.0,1362.35,#ERROR!,0.284,,https://www.gorillaammo.com/product/gorilla-300-blk-115gr-controlled-chaos-pig-punisher/,$1.940,,https://lehighdefense.com/308-diameter-115-grain-controlled-chaos-bullets-50-count.html,,61
Sellier & Bellot .300 Blackout SB300BLKA FMJ 124GR 20 Rounds,300 Blackout,Social media image from www.finfeatherfur.com on 2022-11-26 at 12.21.35 AM.jpeg (https://v5.airtableusercontent.com/v3/u/27/27/1712059200000/wOYVr0Fnrr9BMW_yQrR17w/dJqWA6byacqCZ6wIu4s54jfkYMYeZpRtruqLNCu3EO4HVHlEYvIdQ9VwTbek-mnNofqpNBdxJuJVrnYyuiZJ0COPeF3dwNiIEpoR69exKjpCbcIH3ZIEbBJbdpmIHeSY0V9fcMXnzfjtbNjRe94JiG9k5lBnz5XEYt5P6G6AeYD0j8YjNs0RqYJT8fbJ8i8ECrWSnoA9VkD-hFu368EnH-C9LtcJ85MBxfe_UayjRcE/-cX7z3qGR-IbbDqaunTKLKNbM1ck4_mcRQzH5AoIs98),124.0,2165.0,304.0,1290.34,#ERROR!,0.292,,https://www.sgammo.com/product/300-aac-blackout-ammo/20-round-box-300-aac-blackout-124-grain-fmj-ammo-sellier-bellot-sb300b,$0.890,,,,41
.300 Blackout 115 Chaos HPBT SUPER SONIC – Grind Hard Ammo®,300 Blackout,Social media image from grindhardammo.com on 2023-04-05 at 5.35.57 PM.jpeg (https://v5.airtableusercontent.com/v3/u/27/27/1712059200000/r-wU0rFB7X4mLjPBaDXNNQ/2Gi4x4TpnOH1n_iKzkEmYtuT35o1MDJwPzpQbsrjoVemiM_8fqdGI9PEc8FgAOYcpkF0vV1FkCmMbgYWsHQ0jwiVwggxsJsaSoN3WP3OgKKDm0E3xI4kkd9RVfSrou8GC68QfSeO8P-yz7Mx1W-rw9vANUGoDSnxKhfbdHfGoB3qqFNutl5kPBunSJQcwvtnfbfa6Pa3qWp41xHz_2taEA/Histv3Z89-j3gAMooWQX5f_3nTNuLdyedrD4R5CtAvg),115.0,2150.0,,1180.16,#ERROR!,,,https://grindhardammo.com/collections/frontpage/products/300-blk-115-chaos-hpbt?variant=42269895196821,,,,,
.300 Blackout 115 Chaos HPBT SUPER SONIC – Grind Hard Ammo®,300 Blackout,Social media image from grindhardammo.com on 2023-04-05 at 5.45.31 PM.jpeg (https://v5.airtableusercontent.com/v3/u/27/27/1712059200000/dJtLGOIiXeY7ukzfXwzjvA/lhBiSjhvlAkDD-_718iUTImnzq6loqj5q-_WFYiijKqktSEj5zK9ztCfVjY94r9fbwqAsENtXLlWOcgdo7s3FSl3amZBFdcPoGX5GmqYgem_IWrS7IUindQmOk3tbVxyC2VBkzky260lB_wQDsjRtg6MpkoDbdS3Q096mmr1b2n9potBjXOvOmgfVZXy4Imhu6CHfHwQJpkpDW8IdjxzHg/2pZ6ofXgwIs4KV_FHsQfqNxY7wiKjcXablyz1UO-jHc),115.0,2150.0,,1180.16,#ERROR!,,,https://grindhardammo.com/collections/frontpage/products/300-blk-115-chaos-hpbt?variant=42269895196821,,,,,
Barnes Vor-Tx .300 AAC Blackout 120gr - 20 Rounds,300 Blackout,,120.0,2100.0,322.0,1174.86,#ERROR!,0.443,,https://ammoseek.com/ammo/300aac-blackout/-rifle-120grains?ikw=Barnes,$1.470,,,,13
Barnes 300 AAC Blackout 120gr JHP,300 Blackout,Social media image from www.spotteddogsportinggoods.com on 2022-11-25 at 7.38.49 PM.png (https://v5.airtableusercontent.com/v3/u/27/27/1712059200000/lZaUqwXX63rZf4GX99VILA/haR_7aVH1priBAHRomeHcTxSHycnUlu6v30UF5CiUuSlTX1HHWKRCdI_-Cl9jAgi9FaOm0Va7yya0lpoyEkoyQV2M2TTINKKm5qryGlSiif8epI77XsFIui_dprSNcJGgOL5SIiWaq09m1jVvlUaAeYeruLDl8iW3Xe5TpDoq1j6Y4CK7Rydg9bjXVbQRG3Tj6jlQ8IP85RVgGB4Un7zQw1Bwez_XIiTlJVMne594BM/bHvzI35MXLkar96c4qF6sS-4IFrwgHogR_SZ64A058k),120.0,2100.0,303.0,1174.86,#ERROR!,0.297,,https://www.spotteddogsportinggoods.com/barnes-300-black-120gr-jhp-fb.html,$1.250,,subs,Barnes,19
Buy Power-Shok Rifle for USD 34.99 | Federal Ammunition,300 Blackout,"Social media image from www.federalpremium.com on 2023-04-26 at 12.55.54 PM.jpeg (https://v5.airtableusercontent.com/v3/u/27/27/1712059200000/hAMCsJ38TtO6EfeX32XtDQ/A6cy6ZMtF40z2UbiKZpnrAi7bVFxs5rGddxV88LgtVL0jWpQsspHkAumTNacjMjnbKHWBh1GrAXAl67LRkJm7keQfV6KS5X9O1370YxyiXQoQOpqq1lykw3NWf_7Xa2D9Vlo2-_cyfooN3ZLu8Wv8G3CHC8xdV8q-R_bJsEkWHUTGLlZ8ydGY8_l5r9jLT9hPwmrhkCl05eWn4E8GlNpQ13UiFupZo4X5zX8FPm4IKs/_hO4QMwmfSKk1Q02r_jUohrubJpoHatCKXLjYa9HqQc),FP_300BLKB_300BLKJSP_Rm.jpg (https://v5.airtableusercontent.com/v3/u/27/27/1712059200000/I1LSTkgI2J4KAOfVKfzUew/AfzqEDp7rP6aJeiZTZJ7XP3Etb2b5t7uYQUC0QfExYI_4EXxJ_ZjMXTKRDCbnWNCXEljS7xqZ9XMl0r1nLajQESq-8p1CmH9kq2CeQl40sj__B1evOTbZit8wbomxV93gLxINC7kcmi34LNMbjOryoc_fEllsNTksq5cEKLEqLE/TO--zHwT9KiV_-IUUKQq3Om8LCzpoovyvBhsYFo4WtE)",150.0,1900.0,282.0,1202.17,#ERROR!,0.330,,https://www.federalpremium.com/rifle/power-shok/power-shok-rifle/11-300BLKB.html,$1.750,,,,62
300 Blackout 147 gr FMJ New | Freedom Munitions,300 Blackout,Social media image from www.freedommunitions.com on 2023-07-05 at 4.42.23 AM.png (https://v5.airtableusercontent.com/v3/u/27/27/1712059200000/ZDw85pCAcnnoaZ7gc41DIg/ivSN4_1IhG7m9kPNV9-tND3RRKZMiRg_JJXCh1E537SCd4QpZk2EsdsOqo-A6K-UTkV4cwC5Svu2YAwjRTg9d-mZ77ilCO53fmYUjx8HhAkwY2DD1D2m7FiWC61liDrMPsI0fL4KeaX7mvNZntJvWRDME9-HWnORIOSa8pFT2PMd7jqxFi_cwuENhQVyKOSY23L2W-rVMoF-lvlfhM4f94D7Q3tNCNH3AAgLm53J3uQ/L6s4oB1Gx49f6yHFScXsO3oyrQPdqY7w-C384nEM8b8),147.0,1800.0,276.0,1057.37,#ERROR!,0.398,,https://www.freedommunitions.com/300-blackout-147-gr-fmj-new.html,$0.515,,,,70
Sellier & Bellot Ammunition - 300 AAC Blackout Subsonic - 200 Grain Full Metal Jacket - 20 Rounds - Brass Case,300 Blackout,Social media image from miwallcorp.com on 2023-01-27 at 8.19.27 AM.jpeg (https://v5.airtableusercontent.com/v3/u/27/27/1712059200000/EL8lM1N2P1qpGgi6FiFntQ/e5EtMrKH--88iACRc63d8WvbJ4BsmJ95y_p9hpGzVbLv418-Mc-ghsb5NbdVNJoO69bbW8IgvrQMKvRllITci2S2rdVPsfxyOEEg1iFpX0ufL4BIBMAo0Cew2PoJ3TzV3W2KTChkDs-7yvUCrOhppRCyB35ZDsYLpeXiV72Uk6nNAIoy__1x4cHGMMkMB2P7vhCStCBUxna-QLyEipHRTg/qFECwHN4amTgV1hsqkmHtxMaRVxMj0VgeibJJEPTWss),200.0,1060.0,180.0,498.89,#ERROR!,0.558,,https://miwallcorp.com/sellier-bellot-ammunition---300-aac-blackout-subsonic---200-grain-full-metal-jacket---20-rounds---brass-case/,$0.800,,"This might be the right one : https://www.sellierbellot.us/products/rifle-ammunition/rifle-ammunition-fmj/detail/492/
",,55
Sellier & Bellot .300 Blackout Ammunition 20 Rounds Subsonic FMJ 200 Grains SB300BLKSUBA | Cheaper Than Dirt,300 Blackout,Social media image from www.cheaperthandirt.com on 2023-02-01 at 2.23.23 AM.jpeg (https://v5.airtableusercontent.com/v3/u/27/27/1712059200000/9_aVChvpP2qAXEMBoBTzDw/EnlJC8FHknO5l9AH6HKakcBXFDthuDJMAa6Bh4xxEnJEaOfPsph-w46yCdB8adtIUpK5k-PY0BMBHteaMgW_qd-eLObGE2gihtpZ-PLiPz8u6q4VxE2GyCJZ0dSDL5st0-GBlkUhI2xcijCR-Sn0wPtcFQfuWuRLtJbXM7g-1kEFqfx_nrZBSY8YU9y8m3LOByUCsV7zUrlodvSL0wZThI-wbPPhHZsTqMWMe1Z9u50/LUa6w0hH_RROX7F729cwKr_2DM4BcnXRcMAqOTsGneg),200.0,1060.0,,498.89,#ERROR!,0.138,,https://www.cheaperthandirt.com/sellier-and-bellot-.300-blackout-ammunition-20-rounds-subsonic-fmj-200-grains-sb300blksuba/2-SB300BLKSUBA.html,,,,Sellier & Bellot,
Controlled Chaos 300 blackout subsonic,300 Blackout,,194.0,1025.0,,452.50,612.33,,0.3000,https://www.midwayusa.com/product/1018747737,,,,Underwood Ammo,
300 Blackout - Wolf Polyformance 145 Grain FMJ,300 Blackout,,145.0,0.0,,0.00,NaN,,0.0000,https://www.velocityammosales.com/products/300-blackout-wolf-145-grain-full-metal-jacket-case,,,"https://www.targetsportsusa.com/wolf-polyformance-300-blackout-ammo-145-gr-fmj-steel-case-300blkfmj1-p-110259.aspx

BC not known yet",Wolf Ammo,
Capital Cartridge .300 Blackout 147GR FMJ - REMAN - 300 Rounds With Free Ammo Can - 2A Warehouse,300 Blackout,Social media image from 2awarehouse.com on 2023-07-05 at 4.32.43 AM.jpeg (https://v5.airtableusercontent.com/v3/u/27/27/1712059200000/ZHLob_T1-1yhC7EZ1r96tQ/3v_JZFC0E33CcEAUlQtn4apushmbye_nrE9Vv3ZiVLm5gDPjOXIRUsMfPAnB3-1_jwbw4EjGG0iTit3lv5e6zrAjHgFeKznm8yH_ok0EiOghUfzQRNdMT35IP6WyGN90mJlK0SHjFKVBrG5hfIYLBBkCsg9WoEhHxg947ohH0jE-XE791bNrl4xGVnKlEGEpr6qon-Cso6HjTn--D2vWfA/x4Q2G_ftNgBeyNWt-3cSzLgUXf3rbc3BwHfvPoNsOrY),147.0,0.0,,0.00,#ERROR!,,,https://2awarehouse.com/capital-cartridge-300-blackout-147gr-fmj-reman-300-rounds-with-free-ammo-can/?utm_source=ammoseek,$0.460,,"Probably crap.  No bullet manufacturer listed, no BC, only velocity.  Ships to Illinois and has caveats for IL cities...",,
.300 AAC Blackout - 1st Round Ammo,300 Blackout,Social media image from 1stroundammo.com on 2023-07-05 at 4.36.52 AM.jpeg (https://v5.airtableusercontent.com/v3/u/27/27/1712059200000/-dYZB0mKAn4t14V_LHWVuA/NsSWRlUqA_6ttmfhAdyn6R-Q1BY32qcy2NMMKcFLXP3O9syT3DO1gLoJPNBAo4_T_cmbye6LXA2mss1FQHdk4W_M-YGOtiW_R6tOAxAP4YsfyevpYvceTWiWMuSTHaUByCSMnFJt9z0urAYOB_Z4tWW6NyiCaIlXglbugHIrxKT4N530JPS1_DqOpqxfXTtBHtimHYi7aN0pcS4jx4qGtg/85VESAEZGP2ct3W-bKYSZx20VRluwaX36b0iTsiO3Sk),220.0,0.0,,0.00,#ERROR!,,,https://1stroundammo.com/product/300-aac-blackout/?attribute_new-remanufactured=Remanufactured&attribute_round-type=Berry&attribute_grain=147&attribute_round-quantity=500&attribute_caliber=.300+AAC+blackout,,,,,
LAKE CITY: 50 BMG M17 TRACER 643 GR FMJ - 150 AC | American Marksman,.50 BMG,Social media image from www.theamericanmarksman.com on 2023-02-25 at 1.10.27 AM.jpeg (https://v5.airtableusercontent.com/v3/u/27/27/1712059200000/_NRclLmiInsKCkTQ47svzQ/O4VeSkhAt74w-xvLoGg7Hr1BkLMrn-axDzLjZMoRy0qowU3WWxFTdvezv2vimv7t3rxlFKMjRNyEneo243AUNoX4tn1Y3glXJOFWZjBQnwX7d4ookrKYci5el_MyrKHjfD4tbwQxIuHsT2ydHpUul-SVvk-PeDdz_JlcRwk2woctGKh5-KH06Yb0VmGLTagMugSxKYsch2PijkJzm3TWPBO45R08gMbKmITF3Cv8eK4/TdEby3jW6bu-fiBa9IOfiKmDwkLcGEGZ6O3IpXwVLGQ),643.0,2940.0,465.0,12338.76,#ERROR!,0.707,,https://ammoseek.com/ammo/50bmg/-rifle-660grains,$2.890,,,,59
.50 Cal API Ammo - .50 BMG,.50 BMG,Social media image from xproducts.com on 2021-12-04 at 11.16.47 PM.jpeg (https://v5.airtableusercontent.com/v3/u/27/27/1712059200000/Ha1c1ZX6YDRcZ_qn8_WZhQ/QHRicuhTdF_V_l2fdIvBAbzbTWrXpqqB7hurgv_dpJMJsa69Y1uS_uo2OySLnCJ3E_NAVYEpIiks5eC2E0BGyxCc4tx0Bl0ixt-_nPnjX3RH6o2nJZcsbLxvBUe0_v62eA3TOHJeNxBTCgxJ_bUmBUhGkdM_XTGZXUqZN2XJ3eilNcigFIHh64gUXzCOQEbDDWPECBQp9wSyAle2QsxMyg/YHEpE90HyRQ4R8k3HG90OH_EHP7uqoOfFLCkTX5zw58),0.0,1.0,,0.00,#ERROR!,,,https://www.theamericanmarksman.com/lake-city--50-cal-m17-tracer-643-gr-fmj--150-ac.html,,,"Armor Piercing Incendiary ammunition for your .50 BMG, Barrett or bolt action. Shipping included (Excluding Alaska and Hawaii). This ammunition is hand loaded on new Swedish brass and measured to exact military specifications, each component is gauged before leaving our facility. Every round is loaded with the following specifications for use in both belt fed machineguns, semi-automatic, and bolt action rifles. Each can of 50 cal is 150 rounds.",,
Civil Defense 10MM (Blemished) | Liberty Ammunition,10mm,Social media image from libertyammo.com on 2023-01-20 at 8.07.45 PM.png (https://v5.airtableusercontent.com/v3/u/27/27/1712059200000/kpBnWqnLJB6mpNMmUNvLVA/zqw1NVZ-cUzIDOf8QxJs3CUaM4JlZV8cR0s355e_CVUR0RMF1GicN9JRcL4HKq-NDAPbDlcd3aRVh-yIMoiYjwJfBnm1l7V4DZMiuE-k3E7MMGv7R1mTzQ6i8TtG4cNrW2cq4Z4_1QLt3_FD2IKiZGUeBSTxARQO-GcIKBvvOYl8D5QX4pqO1BNS4uvfhDTEVECdoTAclEB_IibkK-W73A/26PbyT4urh8VMB_YZXPuIfNbgk5-tPKW8QjSDGkKca0),60.0,2400.0,,767.25,#ERROR!,,,https://libertyammo.com/product/civil-defense-10mm-blemished/,,,,,72
10mm Auto Jacketed Hollow-Point (JHP) Ammo for Sale by Buffalo Bore - 20 Rounds,10mm,Social media image from www.ammunitiontogo.com on 2022-11-26 at 12.12.31 AM.jpeg (https://v5.airtableusercontent.com/v3/u/27/27/1712059200000/kOYEmMLQK2SxxJY6iZrlyg/tMc1SfdiGB3O2jAjUvETJpjz-LbPTeC0K0NEirfYTCMgm_sLLZTIfB3t6uBg15JSXwSUO2z7COmwClSLMOGQWGqpiLKAJrwXaxdSXWCJfsKduE3VK-heYiP7cApoTehFvJC0Ow48yzScZc0nTE_zbq0iWPh-tU2QGVePafgWuGpf8_EPs5wKAiOjLT4wHH4XBGLiTzZm5_nXjGatsDv-goY1u0T2_WFqLphjM3GGj18/gUy3nLVUb_WJhuV1DWU08acOmLdhjX0Cjsj6k_LQ9Bk),180.0,1311.0,188.0,686.82,379.25,0.143,0.4000,https://www.ammunitiontogo.com/product_info.php/pName/20rds-10mm-buffalo-bore-180gr-jhp-ammo,,,,,47
10mm Fiocchi JHP 180gr,10mm,,180.0,1271.0,188.0,645.55,367.68,0.162,0.4000,https://www.ammunitiontogo.com/product_info.php/pName/500rds-10mm-fiocchi-180gr-fmjtc-ammo,,https://www.youtube.com/watch?v=kaSpoJxrn7o,"https://www.ammunitiontogo.com/lodge/10mm-ballistics/

This is a budget load.
Go for 165-180 gr or higher for decent performance.",,27
10mm Auto Ammo - 20 Rounds of 200 Grain Jacketed Hollow-Point (JHP) by Underwood,10mm,Social media image from www.ammunitiontogo.com on 2022-11-26 at 12.09.58 AM.jpeg (https://v5.airtableusercontent.com/v3/u/27/27/1712059200000/l0w8s-ACfNDGymqkGetUAA/u3Ao_0eSh2bInSH7hTmsVfv3yXQwzjRzUbjIpWuV14cyI92w-JMBssp-OTSPo11cBAqPte_p24mKZKpbHkiAXy4vsXaIScNcCuPEWzdVWBWUs6PmRqNx-tWyZDctUmixBmKr2ZVhPKxbtM9NadtuKiI0BjwbZkiUd8ZJ03DB3ZiSd477jNcsWzfM_3S-roKE0KnkaFggqH-bn8625PuLXZniZyJg9iE5tqejCIvWAUY/x6kO3gB5o9PaGw4SCyXvvB4E6huqKv-m08EK9Jgl4Mc),200.0,1250.0,186.0,693.77,446.43,0.163,0.4000,https://underwoodammo.com/10mm-auto-200gr.-sporting-jacketed-hollow-point-hunting-self-defense-ammo/,$97.300,,,,46
Freedom Munitions 10mm,10mm,,200.0,900.0,,359.65,#ERROR!,,,https://www.freedommunitions.com/10mm-200gr-rnfp-hush-new.html,,,,,
10mm 200 grain Subsonic Silent Harvester – Texas Small Batch Precision Ammunition,10mm,,200.0,,,#ERROR!,#ERROR!,,,https://texassmallbatch.com/product/10mm-200-grain-subsonic-silent-harvester/,,,,,
,10mm,,,,,#ERROR!,#ERROR!,,,,,,,,
"308 Win, 165GR, Elite Hunter Tipped - Blemished",.308,Social media image from www.sigsauer.com on 2023-06-17 at 1.14.45 PM.jpeg (https://v5.airtableusercontent.com/v3/u/27/27/1712059200000/FxcxmH4z9CToZmosfh5aog/wPk9LOAiDR7iyLBNw-_vVP06GKBEyVp2Pq0lL8dFty9gCnZEY3Tt7jdG-mT9Idm4uhsGJJPWBYLTLF_w6s-hcH3Dmw_wq663_GrWN02E-ee3CVpfY-erYlm6xTxLKpSbXytxoVbMj_NYOs908HwtVCmEcjcNG3GIwFQIMH_dhzXujgctq0yANdpgTLBnMHW_xiKW-IpNopCtf8UFPPpUaQ/FtkGgirT6clkF-grWkDSD1pImh83Tft7u_iLA-eV9iM),165.0,2840.0,,2954.52,#ERROR!,0.530,,https://www.sigsauer.com/308-win-165gr-elite-hunter-tipped-blemish.html?utm_campaign=230616_365XMACRO_Kryptek_GunSkins_Sweeps&utm_medium=email&utm_source=Eloqua,,,HIGH speed and BC!,,
Bulk 308 Ammo For Sale - 150 Grain SP Ammunition in Stock by Speer Gold Dot - 500 Rounds,.308,Social media image from www.luckygunner.com on 2022-11-19 at 1.39.52 AM.jpeg (https://v5.airtableusercontent.com/v3/u/27/27/1712059200000/tsSg7z50hAO5wwj5i1hN6A/vDVokLPA-mTEA9ewevo6E7dawKy7kgltv0SkQIZ_4dQpsbLAzCfL9JN4vR0p9Mh6kORjS7eOhRbQD_3ylbZhRUQjtn3ZHrRIiIxsY3BseuluzSneU3hjQ2c0dSiyiluQAdHqxJ3OvtzITOlOcqYy0saNgiLssYwsLL1EID_wy39XFqVyvNGW1G9LSiffpGjdwIvcyzrKpGVvdotTLO-a1A/Q8wT-L_XePJRFgV-AOxd7Dgh0OIVIdbCHGUuWsPYfO4),150.0,2820.0,430.0,2648.23,943.21,0.503,0.3100,https://www.luckygunner.com/308-150-grain-sp-speer-gold-dot-500-rounds,,,https://www.speer.com/bullets/rifle_bullets/gold_dot_rifle_component_bullet/19-308150GDB.html,,36
Prvi Partizan Match 308 Winchester Ammo 155 Grain Hollow Point Boat Tail,.308,,155.0,2789.0,419.0,2676.67,#ERROR!,0.450,,https://www.targetsportsusa.com/prvi-partizan-match-308-winchester-ammo-155-gr-hp-ppm3081-p-59074.aspx,,,,,37
PMC Ammunition Bronze .308 Winchester 147 grain Full Metal Jacket (FMJ) Brass Centerfire,.308,Social media image from www.luckygunner.com on 2022-11-19 at 1.44.35 AM.jpeg (https://v5.airtableusercontent.com/v3/u/27/27/1712059200000/-iLH57nOdglADUtw7DnwqA/GYchpZvsitoVN4Ey54y4KFejgrvF9Nigz_nZ3b5AEWbPeqk_cmAcdepuKh7lhX8S_8dMH8p3rvFR1tQQL4cIrNDcTb0j09mXb8hM0n0yyTRCh6Dq9aT7zRp_Px8QCN0DF98l4Lcb5KVQdhaCnbUEJRVqTVD83WBb_0u2Xjug1_bk3ef7R_-auDEz3oFfECWM5dmSONx4VliwM_qE4aKjcg/WPQyF_Hu5ddg_svI2CRS_Dr7yHG1B3UmTW4pAltbAZQ),147.0,2780.0,402.0,2522.16,#ERROR!,0.398,,"https://www.opticsplanet.com/pmc-ammunition-308-winchester-147-grain-full-metal-jacket.html#:~:text=Features%20of%20PMC%20Ammunition%20308,Ballistic%20Coefficient%3A%200.398",,,"https://www.opticsplanet.com/pmc-ammunition-308-winchester-147-grain-full-metal-jacket.html#:~:text=Features%20of%20PMC%20Ammunition%20308,Ballistic%20Coefficient%3A%200.398",,38
Premium 308 Win Hornady Match Ammo In Stock - 168 gr Hornady BTHP Ammunition For Sale Online - 20 Rounds,.308,Social media image from www.luckygunner.com on 2022-11-19 at 1.34.31 AM.jpeg (https://v5.airtableusercontent.com/v3/u/27/27/1712059200000/yDCaQFQ_VuOsrvTSbzsHaw/4jjiRTIRfaSziaqjf4jbQQAWR3qOb6Vh33UEMvgz0Jg9GWTun5kRW_XReGCLQEXXtaAiDf0gzgGyPKRS__UF0B9r4iP1fc9v-kxcKiv1RJZxBanpcn_OZjc_12HgTLEbPJt3Xs9tV-Rb52d3FPO9aXMCD9y_ZhHxX3KutG-eBX-7z8x4HbzUs48Ty8Sjkc-i7pFTb1mUrINu8g4HFIiNOg/9POnRCKZzadjtZP2AddW2wXoXFM5jzLOcsltBGlTatM),168.0,2700.0,398.0,2718.96,#ERROR!,0.450,,https://www.luckygunner.com/308-168-gr-bthp-hornady-match-20-rounds?utm_source=pewpewtactical,,,,,31
Bulk 308 Win Sierra MatchKing Federal Premium 168 grain hollow point boat tail ammunition - 500 Rounds,.308,Social media image from www.luckygunner.com on 2022-11-19 at 1.38.04 AM.jpeg (https://v5.airtableusercontent.com/v3/u/27/27/1712059200000/AIL_VFe5qlPn-llcLP_YoQ/41r5FK0GRv4mjM1s32qx99ZcJpoZcdEf3RWMYbjaiOMI63neuIpGR4P7dxBL8Wc6__33s2dlYuvcehJvHnTQeqZvHMxKHNA3C2z4mAwTkuSpR2bP39q5VEoYXeGWoWcIvOZYmtMZkI0hVeY_A_KDktyM392HHkIQJOx5JSTJ4JCNs1igRLXVJ2Uk3rFGPesZJ1E3d8ojuwRTueMbD1XLJQ/IQfphdFMnDSXsvLOmPVmvkXXRY_txmlqkX5AmHmysB8),168.0,2650.0,393.0,2619.19,#ERROR!,0.462,,https://www.luckygunner.com/308-win-168-gr-hpbt-sierra-match-king-federal-gold-medal-500-rounds,,,https://www.federalpremium.com/rifle/gold-medal/gold-medal-sierra-matchking/11-GM308M.html,,26
True Velocity: True Velocity .308 Win - Sierra MatchKing,.308,Image from store.tvammo.com on 2023-05-10 at 8.43.09 AM.jpeg (https://v5.airtableusercontent.com/v3/u/27/27/1712059200000/rXPjjlRQQRGvoEa2rwedLQ/Fnnq9Bii1xBHEwLIod4XvF0zbg7KYD_wPkXG1JzfGHJZwf7cZqeCRjzuLO505pM8A_wMKXOuQW58Qu9Osif9seHSUCk09aWe0c2Ma9vGpj2V1M1Jn91FiMQnP9JuObCZYMIrVGfIofxgiEDtaUZUE2jtdoId9zSnIrsnFlqNR-EXJk8FuBh1UrhaqdPtiAuESCZkOSTVmXY3n6QXOWAVMQ/fkncu-y2w4iN_LjCizUQyAQ4IJx8189idVXSrZeamzY),168.0,2650.0,,2619.19,#ERROR!,0.462,,https://store.tvammo.com/product/TV308003,,,,,
"308 Win 178 gr ELD-X® Precision Hunter® - Hornady Manufacturing, Inc",.308,Social media image from www.hornady.com on 2022-11-19 at 1.42.31 AM.jpeg (https://v5.airtableusercontent.com/v3/u/27/27/1712059200000/vsLJztbjBok70CZiRdDuvg/FnapBguoqnymxwns4lZVvHelsOQ4T2KPA4luS8hiVm0g35B6sUgViJMHgiW9SCvj2tBujCsgDgi1U16IVWbOZU4j3ucU4Zaic3-sw6FDN4Hpl1j3go6wkCJtiS6kbLruQwG_gLW8EpCBJBb7cPgFaIggWUSPfqyc6_JTprqPdgpP6envpvO038o6f-msTjvAVk2BCgKrL_tBdlDYlU0Fpw/iuxhKFs1qEVgxNMwPzP23YC8pm6ICUuaUbKnDKws_dM),178.0,2600.0,395.0,2671.36,#ERROR!,0.552,,https://www.hornady.com/ammunition/rifle/308-win-178-gr-eld-x-precision-hunter#!/,,,,,32
Buy Gold Medal Berger for USD 48.99 | Federal Ammunition,.308,Social media image from www.federalpremium.com on 2023-01-20 at 4.32.59 PM.jpeg (https://v5.airtableusercontent.com/v3/u/27/27/1712059200000/SchRY6v-dRmt2dD1ixJX_g/0T4gGAN9QBdHcVBIpQ_Ai_SExYO2t-WPzw1FrXOCCwEqCuebrZ_5h_mGUHx-wlh-f66enlxfUNpfi7ModeXxJkVzEWr_sfRrxYwDMhoWUCAYXvILKl6-LObeH0VTyk852w2qT0abnUs2tWYMpyHFqtt5-1ofyS9STAT4vzT5kPfhDF_4fjEsJS3T62azy0ofKiQgWxP9bLPNf-UG2NBvfJpGkjtzMecvNq3ivbrwtC8/B_aRqO_NmA6DmBm9aDRxBeBiHNZyBa9qhesVfTiUBxQ),185.0,2600.0,,2776.41,#ERROR!,0.552,,https://www.federalpremium.com/rifle/gold-medal/gold-medal-berger/11-GM308BH185.html,,,,Federal,
,8.6 Blackout,,285.0,1020.0,,658.28,#ERROR!,,,,,,,,
"Montana Blackout, 8.6 Blackout, 338gr | Firehole Arms",8.6 Blackout,,,,,#ERROR!,#ERROR!,,,https://fireholearms.com/product/fa-86-338/?v=7516fd43adaa,,,,,
"Best 6.5 Grendel Wolf Military Classic, FMJ, 100 Grain, 500 Rounds - KENTUCKY GLOCK STORE",6.5mm Grendel,Social media image from kentuckyglockstore.com on 2023-01-19 at 3.13.23 AM.jpeg (https://v5.airtableusercontent.com/v3/u/27/27/1712059200000/eCpx7-gPpmzAC98BVbOuXw/Wl13YrZjyuwaCPtdjv3V3Yb1Mld_0ltp2FZ6FUQjCgwd2thH0q2BIlYJrGkdbEO4XHAn-GezXAtOv8pRpSNf1dOjvNQ6-54-bU4CwB8uk5zBZTQvTSy812nP2Lk3hCJqWmGTk44fl8U91u_vCSfuZbBQCBWbQqTxncLJ3WQxM80v9ySt3VxOJLUT54Bpy0435A3BhcxCNxnBUpSckGJX6AQG6LXe3Bqi1kYS7adKC4M/Yk34CXE_m6zttQ_qcwmbI3Ojg9bbiXyFpm-EkYD2haY),100.0,2620.0,381.0,1523.94,#ERROR!,0.400,,https://kentuckyglockstore.com/product/6-5-grendel/,,,,,51
"6.5 Grendel 123 gr SST® - Hornady Manufacturing, Inc",6.5mm Grendel,Social media image from www.hornady.com on 2023-01-19 at 2.55.04 AM.jpeg (https://v5.airtableusercontent.com/v3/u/27/27/1712059200000/xIQOMDMmbZgNspxzHa9i8g/K3VlmRkCvIUixZNMztrt65GKLVlZsy3NsXPSslv5LnQsquWyQKTKYGhYdW0f5dZ005d2HyAAqKqBEWjEAah_rM7XXFBp8kdJVQQqydafPTYkBYE1MZLojjyAjiRYpf-HjlMLAbgzYd9e5nCzOnwjh0B0-bfJ2gz9Mc7TQaYNqvPkc1W8do4pWW3nnJhwyfJQYM5uzjIqPkJWE75Wyz1QCg/mo2_6hzbWauB0M9UkUQuSyr2s4NB07FYIFcIBhb-LCU),123.0,2580.0,388.0,1817.65,#ERROR!,0.510,,https://www.hornady.com/ammunition/rifle/6-5-grendel-123-gr-sst#!/,,,,,49
6.5 Grendel 123 gr ELD® Match™ Hornady BLACK®,6.5mm Grendel,Social media image from www.hornady.com on 2023-01-19 at 2.34.52 AM.jpeg (https://v5.airtableusercontent.com/v3/u/27/27/1712059200000/7sfh3MvKOxvrBAkmevM2tA/hjTYgldVbpc9ZobQGHl9huUBHFEMiXQtwLYFy3DMXqQR1OYoKC0cky0XxVH5hWY9DF8-nIuj1wTGCMSagTKSeiwz4y_cgyzepxJVP3l-GbRd6c2VrFqet13XD_D_MjLo2sozQ-Sbdu7YnoK2gbvTJYChoLstD9z0_EydESeEAot8d0PmBXxF_CfFmYoAh0gw3RbCeOCqJY63F1eD9fYTOg/SNQzilC9YP2JGqou-1cbda6zSODlkQh0dnGNdv4CPWM),123.0,2580.0,388.0,1817.65,#ERROR!,0.506,,https://www.hornady.com/ammunition/rifle/6.5-grendel-123-gr-eld-match-black#!/,,,,Hornady,48
"6.5 Grendel 123 gr FMJ Frontier® - Hornady Manufacturing, Inc",6.5mm Grendel,Social media image from www.hornady.com on 2023-01-19 at 2.56.45 AM.jpeg (https://v5.airtableusercontent.com/v3/u/27/27/1712059200000/aM2GvJyiczO5m0ZwE6e6Ew/AScqSiiqR_oIaVo64_RRr4K8zaoLWVUw_gDzY8MEJ0VUFlRSjO0-mZ5f_ikxP5FRmyXqCBo2Tm26nvYYSgydMmLu_XkNP4WaRQXGDY3f8AFcF1Atb6MGyLyl0yQf3YjW7CPIBkXEdnP79_QKuz9OoduU-CH5A8BfYclix4HDYZkHrOaZnGYrOI8Evb1j_vSTi3UR29G4rehMuY6aE60Kog/xyPZa0qTgxnuMKe2ftdfnG546yTP0_Oe3Ftk13FlMLM),123.0,2580.0,378.0,1817.65,#ERROR!,0.420,,https://www.hornady.com/ammunition/rifle/6.5-grendel-123-gr-fmj-frontier#!/,,,,,50
26 Nosler 142gr AccuBond Long Range Trophy Grade Ammunition,6mm ARC,Social media image from www.nosler.com on 2023-01-24 at 7.40.44 AM.png (https://v5.airtableusercontent.com/v3/u/27/27/1712059200000/9gV3n1WAeH6_wtN3oSTYfw/2WgmJsJ-Xy64vAUR2B99uNinNCfxQynLymp7GRLDJ91S4uk0sSC5J33bePkZHx17nChjCa8aGNHCYLqIJjBJYCJxoU94ACkGAwha0T87cNKfUoL6mfIUxOp2Xl22OEZeMk0xNj8l-LaH_o7iVKLIEKlCV9WqjoqICdZt8cBd7S3tR0CF9Fm3G9HjXMUsHNuFMSd_KXazbTn8RqMCO8tFaQ/WasjmVB-1SkrvOUAKIKMOzDeRFbq_r0_Zi0hOU6lDPs),142.0,3300.0,511.0,3433.07,#ERROR!,0.625,,https://www.nosler.com/26-nosler-142gr-accubond-long-range-trophy-grade-ammunition.html,$5.000,,,,54
"6mm ARC 105 gr BTHP Hornady BLACK® - Hornady Manufacturing, Inc",6mm ARC,Social media image from www.hornady.com on 2023-01-24 at 6.20.02 AM.jpeg (https://v5.airtableusercontent.com/v3/u/27/27/1712059200000/LfWG1Ac0fljEZahku2QYFw/ujF3nfxkv55I1alnv_IgrHD6VODCxje2OshgAD_IiiZmv-aHUOZfJXqgGIjdbFoyKgKBAK8-rVNHqlEhEgjIohY4OnBBBwyHnbaBtIpYHUEfQ17iVws6Y3Xr9GK4ruNFLs49rRir3HODzilIearLvaeJPj95V4bLjFktyktmnElhWnRot8SpJcUvSvVntND43WK6TE0_eHAtWOOrO6_vhQ/I3rRsvZZX2G6dkdER-P4gxe2-Cy3I-p6ORh8NC858lI),105.0,2750.0,423.0,1762.87,#ERROR!,0.530,,https://www.hornady.com/ammunition/rifle/6mm-arc-105-gr-bthp-hornady-black#!/,,,"24"" test barrel",,52
6mm ARC | Handloader Magazine,6mm ARC,,115.0,2381.0,,1447.38,#ERROR!,0.634,,https://www.handloadermagazine.com/6mm-arc,,,Custom Reload,,
277 Fury,277 Fury,,135.0,2750.0,417.0,2266.55,#ERROR!,0.475,,,,,,,53
Sig Sauer Venari SP Ammo 277 Sig Fury 130 Grain Jacketed Soft Point,277 Fury,Social media image from www.midwayusa.com on 2023-01-20 at 4.34.27 PM.jpeg (https://v5.airtableusercontent.com/v3/u/27/27/1712059200000/zh45aM0iGR4txJwM6D78Zw/SQqHIy1XlSoLM1CcziDeOkxCz-2JeKb0fSB21Q_jCRNmsSy2RbtjyzDQkgjmdCUMx2ZksER4PYWyov9377goBVay_6qR77pN6ezouNSvgheQ4iYJO92TEO9jMkNWoMUBDvCB-yy1UmXeQNDBY9uuclA-O7ahC91taG-F06gSw5WPgyjbyEuL0UxTrY8J038TwpplqyQRjj0FVhRJbkWbeg/D9i66hbZ10uFyS54F0RkkJtSqsQM9n61IM59jzIB5NI),130.0,2710.0,,2119.57,#ERROR!,0.409,,https://www.midwayusa.com/product/1025791894?pid=533773&utm_medium=shopping&utm_source=ammo-seek&utm_campaign=533773,,,,,
Underwood 9mm Luger +P+ 115gr. Sporting Jacketed Hollow Point Hunting & Self Defense Ammo,9mm,Social media image from underwoodammo.com on 2023-04-24 at 1.17.26 AM.jpeg (https://v5.airtableusercontent.com/v3/u/27/27/1712059200000/GEGWTaLjRB_0veX7kxTn7A/wVCtUwDr24xehyVwtDDs9Gcsn7JNB9IksJJbk1kaP4rTGWzlMGLALpYPork8vw1cEzuPD-SpWb1vWQLdd6Wb_a3j5MLKHx0YdzIs0kfddbIWcaWhnc_3_LvSLA7XMLsDum3_8Y-AtDEoOXHNKAVcF3IVgbqCKclj9g359D6GvysGbhjgmcYX8hV0B0bOEGqhUm9Yr8DC36bz4Lfn6VNbLw/d1VGmaLjaJcZsojfQ5RHr6tQTDtW_qzIrj-qyBhehaw),115.0,1400.0,187.0,500.40,#ERROR!,0.109,,https://underwoodammo.com/9mm-luger-p-115gr.-sporting-jacketed-hollow-point-hunting-self-defense-ammo/,,,,,60
Law Enforcement - Federal Premium LE,9mm,Image from le.vistaoutdoor.com on 2023-02-21 at 10.19.50 PM.jpeg (https://v5.airtableusercontent.com/v3/u/27/27/1712059200000/hFva2wEiEa9kNJxqzCkd4Q/sjF5FZ6AJihKpovlhjQTPQrUDjaaWGMKTezDpSSkLoZQN9Ybo_4oGk7lFvzGP5frifr5OoKwBwNFOdDLT5A1poIWaIqCh5IPjR8r0RulKE0Exxglakmx6Uabrj9I_G9H5XJ2KhgbSS8McNWGZGhRSUl9nzAYN25wWpYhsWzZdgVAkH2OkzFOsj24N3m2Ml4jIbOiysgsFoQJ3O7XdTaG-w/D_eTIwpJkQuYIo_M_8aH2cc7YOiBVDh3ySHPLfL2cTQ),124.0,1150.0,175.0,364.07,63.64,0.150,0.6300,https://le.vistaoutdoor.com/ammunition/federal/handgun/details.aspx?id=675,,,,Federal,58
Archon Firearms 9MM FMJ Ammunition | Products | Salient Arms,9mm,,124.0,,,#ERROR!,#ERROR!,,,http://www.salientarmsinternational.com/product/AF-AM-9MM-FMJ-1000/,,,,,
"Kirgin Industries ""Mouse Fart"" 9mm Sub-Munition TUI 125gr 20rd Tin - Witt Machine",9mm,,,,,#ERROR!,#ERROR!,,,https://wittmachine.net/product/kirgin-industries-mouse-fart-9mm-sub-munition-tui-125gr-20rd-tin/,,,,,
5.7x28mm American Eagle,5.7x28mm,,40.0,2250.0,253.0,449.56,#ERROR!,0.115,,https://southernmunitions.com/product/federal-american-eagle-5-7x28mm-40-grain-total-metal-jacket-50-round-box/,$0.730,,,,71
.223 REM 62GR Chaos new brass (DEFENSE) – Grind Hard Ammo®,223,Social media image from grindhardammo.com on 2023-04-05 at 5.33.34 PM.jpeg (https://v5.airtableusercontent.com/v3/u/27/27/1712059200000/lI2gWMOmy9xX1hOipqejuQ/SGgBUf1eQ2GF3XaeTjDIRnLxg9FcS_B83ZTho-rXNniG4T7yKvXP21VjxznhLNEaY79Ch1c_37yDAEMjgiy5yNG4Umw4j0twpZxZIwBgaQ_le-986WPvdvm4OoIM8rAucyE0IwIGS7Mq2SO1G_RFsggasVueAVOXx6x7B3vTInhRNZLfoWClU_342o8QgGIGLbufmoHCBtLLhZwskMe0IQ/bu56zF6lgSsLD-QExs-DwCakJi-mkwwSa9VTFVnGjBQ),62.0,3100.0,,1322.76,#ERROR!,,,https://grindhardammo.com/collections/all-ammo/products/223-rem-62gr-cc-defense,,,,,
Hornady Black 6.8MM SPC 110 Grain V-MAX (1 Box of 20 Rounds) - Exammo,6.8 SPC,Social media image from www.exammo.com on 2023-01-20 at 5.00.30 PM.jpeg (https://v5.airtableusercontent.com/v3/u/27/27/1712059200000/5qMImyNHVekaoiOqZ0Fs3A/PTv9CdVzYdEKU2Wu4gyJQoB8KY7QWwsMmgLscyHLr-4O0CHKMvFItPvi_nAMVgj7IdU65Zo9EQ2X9DSSaAaxmdJovrKSL6PsprPbzCNnSvDb4vRbtHoKRmXiDZ_10UjnsR5g09tHVdgFq92UeGVnBmE7boSH-GjTXPJ-GUtMI9tnB7wZ7bLS80oUKu1VJdNVSXv12-LPhnCeGfoxSra28g/Ow4LR47XpspjIWs8GCJQJI6WblDi0ABquYjB-k9rETI),110.0,2550.0,,1587.96,#ERROR!,,,https://www.exammo.com/product/hornady-black-6-8mm-spc-110-grain-v-max-1-box-of-20-rounds/?utm_source=ammoseek&utm_medium=search,,,,,
Sellier & Bellot 6.8 SPC 110 Grain FMJ (20 Rounds) at Saint Barb's,6.8 SPC,Social media image from saintbarbsbullets.com on 2023-01-20 at 5.00.58 PM.jpeg (https://v5.airtableusercontent.com/v3/u/27/27/1712059200000/XsZhOPxaNZrBsBWWEyEfkA/q__1fSLQ1V2Gpf1vtDz7S92xp9wViZEr783Mv8I9E5tITFPm30od6pSNTFGeSShO6dk_3s4Kn9HBzfX1JFg3y9npkzeYNEA90985-F5e_MUcsaUtgO9cKWdDzW164o322T9qa9cj7bm4EU1zIfTeixh7EcBvpQSKcOVCLgR7h1jT3aAQFHJmEvyC2-ZZEGmDMRaY7ENodsqcM9GfTL8dGAheoPnXphFV2rVOvyspwTw/L4yUEe4YJqjnzZDqBU9FC_Zd3RWU_pk2yOsJ3BMcLwA),110.0,,,#ERROR!,#ERROR!,,,https://saintbarbsbullets.com/product/sellier-bellot-6-8-spc-110-grain-fmj-20-rounds/,,,,,